TYPE;CODE_INSEE;CODE_ORIG;NUM;NOM_ETABLISSEMENT;NUMÉRO_ET_LIBELLÉ_VOIE;LIEU_DIT;CODE_POSTAL;LIGNE_D_ACHEMINEMENT;PAYS_OU_DÉNOMINATION_TOM_COM;COORDONNÉES_X;COORDONNÉES_Y;NU_TEL;ADRESSE_MAIL
TE;10387;1;2187;Tribunal pour Enfants de Troyes;83 RUE DU GENERAL DE GAULLE;;10000;TROYES;;4.069397;48.297172;0325435570;
TGI;10387;1;53;Tribunal judiciaire de Troyes;83 RUE DU GENERAL DE GAULLE;;10000;TROYES;;4.069397;48.297172;0325435570;tj-troyes@justice.fr
CASS;10387;9;2235;Cour d'Assises de l'Aube;83 RUE DU GENERAL DE GAULLE;;10000;TROYES;;4.069397;48.297172;0325435570;
CCD;10387;9;67388;Cour Criminelle Départementale de l'Aube;83 RUE DU GENERAL DE GAULLE;;10000;TROYES;;4.069397;48.297172;03 25 43 55 70;
CDAD;10387;9;59038;Conseil départemental d'accès au droit de l'Aube;85 RUE DU GENERAL DE GAULLE;;10000;TROYES;;4.069168;48.297127;0325831890;cdad-aube@justice.fr
CPH;10387;1;964;Conseil de Prud'hommes de Troyes;1 RUE BEGAND;;10000;TROYES;;4.065073;48.294811;0325831729;cph-troyes@justice.fr
TBRTJ;10387;9;63614;Tribunal Paritaire des Baux Ruraux de Troyes;IMPASSE JEAN SIMON;;10000;TROYES;;4.069278;48.296156;0325435610;
TCO;10387;1;244;Tribunal de Commerce de Troyes;134 AVENUE DU GENERAL DE GAULLE;;10000;TROYES;;4.069646;48.29736;0891011111;
TE;11069;1;2196;Tribunal pour Enfants de Carcassonne;28 BOULEVARD JEAN-JAURES;;11000;CARCASSONNE;;2.354735;43.214898;0468257545;
TGI;11069;1;54;Tribunal judiciaire de Carcassonne;28 BOULEVARD JEAN-JAURES;;11000;CARCASSONNE;;2.354735;43.214898;0434424900;Accueil-Carcassonne@justice.fr
CASS;11069;9;17766;Cour d'Assises de l'Aude;28 BOULEVARD JEAN-JAURES;;11000;CARCASSONNE;;2.354735;43.214898;0468103737;
CCD;11069;9;67389;Cour Criminelle Départementale de l'Aude;28 BOULEVARD JEAN JAURES;;11000;CARCASSONNE;;2.354735;43.214898;04 68 10 37 37;
CDAD;11069;9;58970;Conseil départemental d'accès au droit de l'Aude;28 BOULEVARD JEAN-JAURES;;11000;CARCASSONNE;;2.354735;43.214898;0468470000;cdad-aude@justice.fr
CPH;11069;1;965;Conseil de Prud'hommes de Carcassonne;28 BOULEVARD JEAN-JAURES;;11000;CARCASSONNE;;2.354735;43.214898;0434424900;cph-carcassonne@justice.fr
TBRTJ;11069;9;63519;Tribunal Paritaire des Baux Ruraux de Carcassonne;28 BOULEVARD JEAN-JAURES;;11000;CARCASSONNE;;2.354735;43.214898;0434424900;
TCO;11069;1;245;Tribunal de Commerce de Carcassonne;34 RUE DE STRASBOURG;;11000;CARCASSONNE;;2.356917;43.214822;0468112730;
TGI;11262;1;55;Tribunal judiciaire de Narbonne;19 BD DU GENERAL DE GAULLE;;11100;NARBONNE;;3.009485;43.186118;0434446060;accueil-narbonne@justice.fr
TE;11262;9;20278;Tribunal pour Enfants de Narbonne;40 BD DU GENERAL DE GAULLE;;11100;NARBONNE;;3.00873;43.184566;0468327155;
CPH;11262;1;966;Conseil de Prud'hommes de Narbonne;40 BD DU GENERAL DE GAULLE;;11100;NARBONNE;;3.00873;43.184566;0434446150;cph-narbonne@justice.fr
TBRTJ;11262;9;63521;Tribunal Paritaire des Baux Ruraux de Narbonne;19 BD DU GENERAL DE GAULLE;;11100;NARBONNE;;3.009485;43.186118;0434446070;
TCO;11262;1;248;Tribunal de Commerce de Narbonne;40 BD DU GENERAL DE GAULLE;;11100;NARBONNE;;3.00873;43.184566;0468320176;
TE;12202;1;2215;Tribunal pour Enfants de Rodez;BOULEVARD DE GUIZARD;;12000;RODEZ;;2.572543;44.349064;0565734300;
TGI;12202;1;57;Tribunal judiciaire de Rodez;BOULEVARD DE GUIZARD;;12000;RODEZ;;2.572543;44.349064;0565734300;accueil-rodez@justice.fr
CASS;12202;9;2233;Cour d'Assises de l'Aveyron;BOULEVARD DE GUIZARD;;12000;RODEZ;;2.572543;44.349064;0565734300;
CCD;12202;9;67390;Cour Criminelle Départementale de l'Aveyron;BOULEVARD DE GUIZARD;;12000;RODEZ;;2.572543;44.349064;05 65 73 43 00;
CDAD;12202;9;59028;Conseil départemental d'accès au droit de l'Aveyron;BOULEVARD DE GUIZARD;;12000;RODEZ;;2.572543;44.349064;0565734300;cdad-aveyron@justice.fr
CPH;12202;1;969;Conseil de Prud'hommes de Rodez;BOULEVARD DE GUIZARD;;12000;RODEZ;;2.572543;44.349064;0565734300;cph-rodez@justice.fr
TBRTJ;12202;9;63525;Tribunal Paritaire des Baux Ruraux de Rodez;BOULEVARD DE GUIZARD;;12000;RODEZ;;2.572543;44.349064;0565734300;
TCO;12202;1;251;Tribunal de Commerce de Rodez;BD PIERRE BENOIT;;12000;RODEZ;;2.571935;44.349161;0565735610;
CPH;12145;1;968;Conseil de Prud'hommes de Millau;2 BOULEVARD DE L'AYROLLE;;12100;MILLAU;;3.077553;44.099216;0565614800;cph-millau@justice.fr
TBRTJ;12145;9;63523;Tribunal Paritaire des Baux Ruraux de Millau;2 BOULEVARD DE L'AYROLLE;;12100;MILLAU;;3.077553;44.099216;0565614800;
TPRX;12145;9;63028;Tribunal de proximité de Millau;2 BOULEVARD DE L'AYROLLE;;12100;MILLAU;;3.077553;44.099216;0565614800;tprx-millau@justice.fr
TA;13206;9;3915;Tribunal Administratif de Marseille;31 RUE FRANCOIS LECA;;13002;MARSEILLE;;5.363591;43.301864;0491134813;greffe.ta-marseille@juradm.fr
TE;13206;1;2229;Tribunal pour Enfants de Marseille;6 RUE JOSEPH AUTRAN;;13006;MARSEILLE;;5.37384;43.291025;0491155050;
TGI;13206;1;59;Tribunal judiciaire de Marseille;6 RUE JOSEPH AUTRAN;;13006;MARSEILLE;;5.37384;43.291025;0491155050;accueil-marseille@justice.fr
CAA;13206;9;19320;Cour Administrative d'Appel de Marseille;45 BOULEVARD PAUL PEYTRAL;;13006;MARSEILLE;;5.378817;43.289867;0491044545;greffe.caa-marseille@juradm.fr
CDAD;13206;9;59004;Conseil départemental d'accès au droit des Bouches-du-Rhône;6 RUE JOSEPH AUTRAN;;13006;MARSEILLE;;5.37384;43.291025;0491155392;
TAE;13206;9;79909;Tribunal des activités économiques de Marseille;2 RUE EMILE POLLAK;;13006;MARSEILLE;;5.374258;43.291137;0491547040;
TBRTJ;13206;9;63385;Tribunal Paritaire des Baux Ruraux de Marseille;PLACE MONTHYON;;13006;MARSEILLE;;5.383861;43.286265;0491155050;
CPH;13207;1;972;Conseil de Prud'hommes de Marseille;6 RUE RIGORD;;13007;MARSEILLE;;5.370844;43.291506;0491136200;cph-marseille@justice.fr
CPH;13001;1;970;Conseil de Prud'hommes d'Aix-en-Provence;2 BIS IMPASSE DES FRERES PRATESI;;13100;AIX EN PROVENCE;;5.4255;43.5263;0442933505;cph-aix-en-provence@justice.fr
TE;13001;1;2222;Tribunal pour Enfants d'Aix-en-Provence;40 BOULEVARD CARNOT;;13100;AIX EN PROVENCE;;5.455982;43.527333;0465861100;tpe.tj-aix-en-provence@justice.fr
TGI;13001;1;58;Tribunal judiciaire d'Aix-en-Provence;40 BOULEVARD CARNOT;;13100;AIX EN PROVENCE;;5.455982;43.527333;0465861000;tj1-aix-en-provence@justice.fr
CA;13001;1;1;Cour d'Appel d'Aix-en-Provence;20 PLACE DE VERDUN;;13100;AIX EN PROVENCE;;5.451101;43.528063;0442338000;
CASS;13001;1;1893;Cour d'Assises des Bouches-du-Rhône;20 PLACE DE VERDUN;;13100;AIX EN PROVENCE;;5.451101;43.528063;0442338000;
CCD;13001;9;67392;Cour Criminelle Départementale des Bouches-du-Rhône;20 PLACE DE VERDUN;;13100;AIX EN PROVENCE;;5.451101;43.528063;04 42 33 80 00;
TBRTJ;13001;9;63381;Tribunal Paritaire des Baux Ruraux d'Aix-en-Provence;32A BOULEVARD EMILE ZOLA;;13100;AIX EN PROVENCE;;5.453947;43.532742;0442175500;
TCO;13001;1;253;Tribunal de Commerce d'Aix-en-Provence;38 COURS MIRABEAU;;13100;AIX EN PROVENCE;;5.448525;43.526701;0442377614;
TE;13108;9;15270;Tribunal pour Enfants de Tarascon;28 ALLEE DU GL JENNINGS KILMAINE;;13150;TARASCON;;4.66147;43.800912;0488658156;
TGI;13108;1;60;Tribunal judiciaire de Tarascon;28 ALLEE DU GL JENNINGS KILMAINE;;13150;TARASCON;;4.66147;43.800912;0488658200;accueil-tarascon@justice.fr
TBRTJ;13108;9;63391;Tribunal Paritaire des Baux Ruraux de Tarascon;28 ALLEE DU GL JENNINGS KILMAINE;;13150;TARASCON;;4.66147;43.800912;0490914989;
TCO;13108;1;257;Tribunal de Commerce de Tarascon;28 ALLEE DU GL JENNINGS KILMAINE;;13150;TARASCON;;4.66147;43.800912;0490914600;
CPH;13004;1;971;Conseil de Prud'hommes d'Arles;25 boulevard Georges Clémenceau;;13200;ARLES;;4.624277;43.674731;0490520870;accueil-arles@justice.fr 
TBRTJ;13103;9;63389;Tribunal Paritaire des Baux Ruraux de Salon-de-Provence;481 BOULEVARD DE LA REPUBLIQUE;;13300;SALON DE PROVENCE;;5.089031;43.640426;0490560546;
TCO;13103;1;256;Tribunal de Commerce de Salon-de-Provence;481 BOULEVARD DE LA REPUBLIQUE;;13300;SALON DE PROVENCE;;5.089031;43.640426;0490560356;
TPRX;13103;9;63058;Tribunal de proximité de Salon-de-Provence;481 BOULEVARD DE LA REPUBLIQUE;;13300;SALON DE PROVENCE;;5.089031;43.640426;0490560546;tprx-salon-de-provence@justice.fr
TBRTJ;13005;9;63383;Tribunal Paritaire des Baux Ruraux d'Aubagne;AVENUE DE VERDUN;;13400;AUBAGNE;;5.578374;43.28792;0442820188/479;
TPRX;13005;9;62963;Tribunal de proximité d'Aubagne;AVENUE DE VERDUN;;13400;AUBAGNE;;5.578374;43.28792;0442820188;accueil-aubagne@justice.fr
CPH;13056;1;973;Conseil de Prud'hommes de Martigues;40 AVENUE DE LA PAIX;;13500;MARTIGUES;;5.047221;43.405754;0442804553;cph-martigues@justice.fr
TBRTJ;13056;9;63387;Tribunal Paritaire des Baux Ruraux de Martigues;PLACE DE LA LIBERATION;;13500;MARTIGUES;;5.05455;43.404974;0442135013;
TPRX;13056;9;63023;Tribunal de proximité de Martigues;40 AVENUE DE LA PAIX;;13500;MARTIGUES;;5.047221;43.405754;0442135013;tprx-martigues@justice.fr
TE;14118;1;2241;Tribunal pour Enfants de Caen;11 RUE DUMONT D'URVILLE;;14000;CAEN;;-0.348159;49.183472; 0250101300;
TGI;14118;1;61;Tribunal judiciaire de Caen;11 RUE DUMONT D'URVILLE;;14000;CAEN;;-0.348159;49.183472;0250101300;accueil-caen@justice.fr
CA;14118;1;2;Cour d'Appel de Caen;PLACE GAMBETTA;;14000;CAEN;;-0.364926;49.179202;0231307000;ca-caen@justice.fr
CASS;14118;1;1898;Cour d'Assises du Calvados;PLACE GAMBETTA;;14000;CAEN;;-0.364926;49.179202;0231307059/00;
CCD;14118;9;62841;Cour Criminelle Départementale du Calvados;PLACE GAMBETTA;;14000;CAEN;;-0.364926;49.179202;0231307059/00;
CDAD;14118;9;58968;Conseil départemental d'accès au droit du Calvados;11 RUE DUMONT D'URVILLE;;14000;CAEN;;-0.348159;49.183472;0250101307;contact@cdad14.fr
CPH;14118;1;975;Conseil de Prud'hommes de Caen;PLACE GAMBETTA;;14000;CAEN;;-0.364926;49.179202;0231307073;cph-caen@justice.fr
TA;14118;9;3917;Tribunal Administratif de Caen;3 RUE ARTHUR LE DUC;;14000;CAEN;;-0.359219;49.177555;0231707272;greffe.ta-caen@juradm.fr
TBRTJ;14118;9;63402;Tribunal Paritaire des Baux Ruraux de Caen;11 RUE DUMONT D'URVILLE;;14000;CAEN;;-0.348159;49.183472;0250101150;
TCO;14118;1;259;Tribunal de Commerce de Caen;PLACE GAMBETTA;;14000;CAEN;;-0.364926;49.179202;0231854000;
TGI;14366;1;62;Tribunal judiciaire de Lisieux;11 RUE D'ORIVAL;;14100;LISIEUX;;0.22866;49.137523;0214110200;accueil.tj-lisieux@justice.fr
CPH;14366;1;977;Conseil de prud'hommes de Lisieux;11 RUE D'ORIVAL;;14100;LISIEUX;;0.22866;49.137523;0214110200;cph-lisieux@justice.fr
TBRTJ;14366;9;63404;Tribunal Paritaire des Baux Ruraux de Lisieux;11 RUE D'ORIVAL;;14100;LISIEUX;;0.22866;49.137523;0231620731;
TCO;14366;1;263;Tribunal de Commerce de Lisieux;11 RUE D'ORIVAL;;14100;LISIEUX;;0.22866;49.137523;0214110259;accueil@greffe-tc-lisieux.fr
TE;62765;1;2932;Tribunal pour Enfants de Saint-Omer;3 RUE DES TRIBUNAUX;;14220;ST OMER;;2.253435;50.748124;0321987970;
CASS;62765;9;583;Cour d'Assises du Pas-de-Calais;3 RUE DES TRIBUNAUX;;14220;ST OMER;;2.253435;50.748124;0321987970;
CPH;62765;1;1118;Conseil de Prud'hommes de Saint-Omer;2 RUE DE L'ECU D'ARTOIS;;14220;ST OMER;;2.250651;50.752902;0321939278;da.cph-st-omer@justice.fr
TBRTJ;62765;9;63676;Tribunal Paritaire des Baux Ruraux de Saint-Omer;3 RUE DES TRIBUNAUX;;14220;ST OMER;;2.253435;50.748124;0321120700;
TBRTJ;14762;9;63406;Tribunal Paritaire des Baux Ruraux de Vire Normandie;4 RUE RAYMOND BERTHOUT;VIRE;14500;VIRE NORMANDIE;;-0.818969;48.781639;0231674440;
TPRX;14762;9;63078;Tribunal de proximité de Vire Normandie;4 RUE RAYMOND BERTHOUT;VIRE;14500;VIRE NORMANDIE;;-0.818969;48.781639;0231674440;tprx-vire@justice.fr
TE;15014;1;2255;Tribunal pour Enfants d'Aurillac;21 PLACE DU SQUARE;;15000;AURILLAC;;2.44274;44.928871;0471455959;
TGI;15014;1;63;Tribunal judiciaire d'Aurillac;21 PLACE DU SQUARE;;15000;AURILLAC;;2.44274;44.928871;0471455959;accueil.aurillac@justice.fr
CASS;15014;9;2231;Cour d'Assises du Cantal;21 PLACE DU SQUARE;;15000;AURILLAC;;2.44274;44.928871;0471455959;
CCD;15014;9;67393;Cour Criminelle Départementale du Cantal;21 PLACE DU SQUARE;;15000;AURILLAC;;2.44274;44.928871;04 71 45 59 59;
CDAD;15014;9;58954;Conseil départemental d'accès au droit du Cantal;21 PLACE DU SQUARE;;15000;AURILLAC;;2.44274;44.928871;0471455959;cdad15@orange.fr
CPH;15014;1;980;Conseil de Prud'hommes d'Aurillac;21 PLACE DU SQUARE;;15000;AURILLAC;;2.44274;44.928871;0471487444;cph-aurillac@justice.fr
TBRTJ;15014;9;63684;Tribunal Paritaire des Baux Ruraux d'Aurillac;21 PLACE DU SQUARE;;15000;AURILLAC;;2.44274;44.928871;0471488800;
TCO;15014;1;265;Tribunal de Commerce d'Aurillac;21 PLACE DU SQUARE;;15000;AURILLAC;;2.44274;44.928871;0471481454;
TBRTJ;15187;9;63686;Tribunal Paritaire des Baux Ruraux de Saint-Flour;1 RUE DU THEATRE;;15100;ST FLOUR;;3.090935;45.033173;0471600375;
TPRX;15187;9;63000;Tribunal de proximité de Saint-Flour;1 RUE DU THEATRE;;15100;ST FLOUR;;3.090935;45.033173;0471600375;tprx-st-flour@justice.fr
TE;16015;1;2264;Tribunal pour Enfants d'Angoulême;PLACE FRANCIS LOUVEL;;16000;ANGOULEME;;0.15417;45.649389;0545371147;
TGI;16015;1;64;Tribunal judiciaire d'Angoulême;PLACE FRANCIS LOUVEL;;16000;ANGOULEME;;0.15417;45.649389;0545371100;
CASS;16015;9;2230;Cour d'Assises de la Charente;PLACE FRANCIS LOUVEL;;16000;ANGOULEME;;0.15417;45.649389;0545371100;
CCD;16015;9;67395;Cour Criminelle Départementale de la Charente;PLACE FRANCIS LOUVEL;;16000;ANGOULEME;;0.15417;45.649389;05 45 37 11 00;
CDAD;16015;9;58951;Conseil départemental d'accès au droit de Charente;PLACE FRANCIS LOUVEL;;16000;ANGOULEME;;0.15417;45.649389;0545371100;Cdad.charente@orange.fr
CPH;16015;1;981;Conseil de Prud'hommes d'Angoulême;PLACE FRANCIS LOUVEL;;16000;ANGOULEME;;0.15417;45.649389;0545371100;accueil-angouleme@justice.fr
TBRTJ;16015;9;63503;Tribunal Paritaire des Baux Ruraux d'Angoulême;PLACE FRANCIS LOUVEL;;16000;ANGOULEME;;0.15417;45.649389;0545371160;
TCO;16015;1;267;Tribunal de Commerce d'Angoulême;13 RUE PLACE DU CHAMPS DE MARS;;16000;ANGOULEME;;0.162185;45.649157;0545926603;
TBRTJ;16102;9;63505;Tribunal Paritaire des Baux Ruraux de Cognac;3 RUE PIERRE MARTIN CIVAT;;16100;COGNAC;;-0.328175;45.692032;0545820675;
TPRX;16102;9;62985;Tribunal de proximité de Cognac;3 RUE PIERRE MARTIN CIVAT;;16100;COGNAC;;-0.328175;45.692032;0547339300;tprx-cognac@justice.fr
TE;17300;9;20275;Tribunal pour Enfants de La Rochelle;10 RUE DU PALAIS;;17000;LA ROCHELLE;;-1.153676;46.159671;0517839370;
TGI;17300;1;66;Tribunal judiciaire de La Rochelle;10 RUE DU PALAIS;;17000;LA ROCHELLE;;-1.153676;46.159671;0517839370;accueil-la-rochelle@justice.fr
CDAD;17300;9;58992;Conseil départemental d'accès au droit de la Charente Maritime;10 RUE DU PALAIS;;17000;LA ROCHELLE;;-1.153676;46.159671;0546508710;cdad-charente-maritime@justice.fr
CPH;17300;1;984;Conseil de Prud'hommes de La Rochelle;6 RUE EUGENE THOMAS;;17000;LA ROCHELLE;;-1.145661;46.156034;0516195500;cph-la-rochelle@justice.fr
TBRTJ;17300;9;63821;Tribunal Paritaire des Baux Ruraux de La Rochelle;67 RUE DE JERICHO;;17000;LA ROCHELLE;;-1.166461;46.167164;0546276364;
TCO;17300;1;272;Tribunal de Commerce de La Rochelle;14 RUE DU PALAIS;;17000;LA ROCHELLE;;-1.153804;46.159242;0546413465;
TE;17415;9;41596;Tribunal pour Enfants de Saintes;SQUARE MARECHAL FOCH;;17100;SAINTES;;-0.63488;45.747489;0546927227;
TGI;17415;1;67;Tribunal judiciaire de Saintes;SQUARE MARECHAL FOCH;;17100;SAINTES;;-0.63488;45.747489;0517283900;accueil.tj-saintes@justice.fr
CASS;17415;9;2228;Cour d'Assises de la Charente-Maritime;SQUARE MARECHAL FOCH;;17100;SAINTES;;-0.63488;45.747489;0546927227;
CCD;17415;9;67394;Cour Criminelle Départementale de la Charente-Maritime;SQUARE MARECHAL FOCH;;17100;SAINTES;;-0.63488;45.747489;05 46 92 72 27;
CPH;17415;1;985;Conseil de Prud'hommes de Saintes;Square du Maréchal Foch;;17100;SAINTES;;-0.634881;45.747581;0517283900;cph-saintes@justice.fr
TBRTJ;17415;9;63823;Tribunal Paritaire des Baux Ruraux de Saintes;8 IMPASSE DES CORDELIERS;;17100;SAINTES;;-0.634364;45.748475;0546931002;
TCO;17415;1;274;Tribunal de Commerce de Saintes;2 IMPASSE DES CORDELIERS;;17100;SAINTES;;-0.634401;45.747954;0546930102;
CPH;17299;1;983;Conseil de Prud'hommes de Rochefort;26 RUE ANTOINE CHANZY;;17300;ROCHEFORT;;-0.959112;45.940954;0517261260;cph-rochefort-sur-mer@justice.fr
TBRTJ;17299;9;63819;Tribunal Paritaire des Baux Ruraux de Rochefort;26 RUE ANTOINE CHANZY;;17300;ROCHEFORT;;-0.959112;45.940954;0516656000;
TPRX;17299;9;63055;Tribunal de proximité de Rochefort;26 RUE ANTOINE CHANZY;;17300;ROCHEFORT;;-0.959112;45.940954;0517261260;accueil-tprx-rochefort-sur-mer@justice.fr
TBRTJ;17197;9;63817;Tribunal Paritaire des Baux Ruraux de Jonzac;35 RUE DES CARMES;;17500;JONZAC;;-0.43469;45.442765;0546480240;
TPRX;17197;9;63013;Tribunal de proximité de Jonzac;35 RUE DES CARMES;;17500;JONZAC;;-0.43469;45.442765;0517283957;tprx-jonzac@justice.fr
TE;18033;1;2290;Tribunal pour Enfants de Bourges;8 RUE DES ARENES;;18000;BOURGES;;2.392876;47.084881;0248683434;
TGI;18033;1;68;Tribunal judiciaire de Bourges;8 RUE DES ARENES;;18000;BOURGES;;2.392876;47.084881;0248683434;accueil-bourges@justice.fr
CA;18033;1;3;Cour d'Appel de Bourges;8 RUE DES ARENES;;18000;BOURGES;;2.392876;47.084881;0248683400;ca-bourges@justice.fr
CASS;18033;1;1903;Cour d'Assises du Cher;8 RUE DES ARENES;;18000;BOURGES;;2.392876;47.084881;0248683400;
CCD;18033;9;62842;Cour Criminelle Départementale du Cher;8 RUE DES ARENES;;18000;BOURGES;;2.392876;47.084881;0248683400;
CDAD;18033;9;58967;Conseil départemental d'accès au droit du Cher;8 RUE DES ARENES;;18000;BOURGES;;2.392876;47.084881;0248683383;cdad-cher@justice.fr
CPH;18033;1;986;Conseil de Prud'hommes de Bourges;1 PLACE HENRI MIRPIED;;18000;BOURGES;;2.392874;47.086254;0248230120;cph-bourges@justice.fr
TBRTJ;18033;9;63419;Tribunal Paritaire des Baux Ruraux de Bourges;1 RUE DU GENERAL FERRIE;;18000;BOURGES;;2.393709;47.092114;0234346020;
TCO;18033;1;275;Tribunal de Commerce de Bourges;1 PLACE HENRI MIRPIED;;18000;BOURGES;;2.392874;47.086254;0248700733;
TBRTJ;18197;9;63421;Tribunal Paritaire des Baux Ruraux de Saint-Amand-Montrond;11 COURS MANUEL;;18200;ST AMAND MONTROND;;2.505592;46.720845;0248960848;
TPRX;18197;9;62955;Tribunal de proximité de Saint-Amand-Montrond;11 COURS MANUEL;;18200;ST AMAND MONTROND;;2.505592;46.720845;0248960848;tprx-st-amand-montrond@justice.fr
TGI;19272;9;48314;Tribunal judiciaire de Tulle;9 QUAI GABRIEL PERI;;19000;TULLE;;1.770556;45.265574;0555202401;accueil-tulle@justice.fr
CASS;19272;9;2227;Cour d'Assises de la Corrèze;QUAI GABRIEL PERI;;19000;TULLE;;1.770049;45.264544;0555202401;
CCD;19272;9;67396;Cour Criminelle Départementale de la Corrèze;QUAI GABRIEL PERI;;19000;TULLE;;1.770049;45.264544;05 55 20 24 01;
CDAD;19272;9;59039;Conseil départemental d'accès au droit de la Corrèze;1 QUAI GABRIEL PERI;;19000;TULLE;;1.771071;45.266148;0587496205;
TBRTJ;19272;9;63841;Tribunal Paritaire des Baux Ruraux de Tulle;QUAI GABRIEL PERI;;19000;TULLE;;1.770049;45.264544;0555267116;
CPH;19272;1;989;Conseil de Prud'hommes de Tulle;9 QUAI GABRIEL PERI PALAIS DE JUSTICE;;19000;TULLE;;1.770049;45.264544;0555202401;cph-tulle@justice.fr
TE;19031;1;2297;Tribunal pour Enfants de Brive-la-Gaillarde;BOULEVARD DU MARECHAL LYAUTEY;;19100;BRIVE LA GAILLARDE;;1.532468;45.156715;0555742732;
TGI;19031;1;69;Tribunal judiciaire de Brive-la-Gaillarde;BOULEVARD DU MARECHAL LYAUTEY;;19100;BRIVE LA GAILLARDE;;1.532468;45.156715;0587493200;accueil-brive-la-gaillarde@justice.fr
CPH;19031;1;988;Conseil de Prud'hommes de Brive-la-Gaillarde;6 RUE SAINT BERNARD;;19100;BRIVE LA GAILLARDE;;1.531401;45.157549;0587493200;cph-brive-la-gaillarde@justice.fr
TBRTJ;19031;9;63839;Tribunal Paritaire des Baux Ruraux de Brive-la-Gaillarde;6 RUE ST BERNARD;;19100;BRIVE LA GAILLARDE;;1.531401;45.157549;0555926739;
TCO;19031;1;276;Tribunal de Commerce de Brive-la-Gaillarde;6 RUE SAINT BERNARD;;19100;BRIVE LA GAILLARDE;;1.531401;45.157549;0555177676;
TE;2A004;1;2313;Tribunal pour Enfants d'Ajaccio;4 BOULEVARD MASSERIA;;20090;AJACCIO;;8.737213;41.925745;0495237772;
TGI;2A004;1;71;Tribunal judiciaire d'Ajaccio;4 BOULEVARD MASSERIA;;20090;AJACCIO;;8.737213;41.925745;0495290606;accueil.tj-ajaccio@justice.fr
CASS;2A004;9;2224;Cour d'Assises de la Corse-du-Sud;BOULEVARD MASSERIA;;20090;AJACCIO;;8.73697;41.925679;0495290606;
CCD;2A004;9;67397;Cour Criminelle Départementale de la Corse-du-Sud;BOULEVARD MASSERIA;;20090;AJACCIO;;8.73697;41.925679;04 95 29 06 06;
CDAD;2A004;9;58946;Conseil départemental d'accès au droit de Corse du Sud;AVENUE DU MARECHAL LYAUTEY;;20090;AJACCIO;;8.74588;41.93975;;cdad-corse-du-sud@justice.fr
CPH;2A004;1;990;Conseil de Prud'hommes d'Ajaccio;AVENUE DU MARECHAL LYAUTEY;;20090;AJACCIO;;8.74588;41.93975;0495237395;cph-ajaccio@justice.fr
TBRTJ;2A004;9;63429;Tribunal Paritaire des Baux Ruraux d'Ajaccio;AVENUE DU MARECHAL LYAUTEY;;20090;AJACCIO;;8.74588;41.93975;0495237760;
TCO;2A004;1;278;Tribunal de Commerce d'Ajaccio;AVENUE DU MARECHAL LYAUTEY;;20090;AJACCIO;;8.74588;41.93975;0495231782;
TE;2B033;1;2320;Tribunal pour Enfants de Bastia;ROND-POINT DE MORO GIAFFERI;;20200;BASTIA;;9.446524;42.695637;0495552300;
TGI;2B033;1;72;Tribunal judiciaire de Bastia;ROND-POINT DE MORO GIAFFERI;;20200;BASTIA;;9.446524;42.695637;0495552300;accueil-bastia@justice.fr
CA;2B033;1;4;Cour d'Appel de Bastia;ROND-POINT DE MORO GIAFFERI;;20200;BASTIA;;9.446524;42.695637;0495552300;
CASS;2B033;1;1908;Cour d'Assises de la Haute-Corse;ROND-POINT DE MORO GIAFFERI;;20200;BASTIA;;9.446524;42.695637;0495552300;
CCD;2B033;9;67412;Cour Criminelle Départementale de la Haute-Corse;ROND POINT DE MORO GIAFFERI;;20200;BASTIA;;9.446524;42.695637;04 95 55 23 00;
CDAD;2B033;9;58959;Conseil départemental d'accès au droit de Haute Corse;ROND-POINT DE MORO GIAFFERI;;20200;BASTIA;;9.446524;42.695637;0495552300;cdad-haute-corse@justice.fr
CPH;2B033;1;991;Conseil de Prud'hommes de Bastia;ROND-POINT DE MORO GIAFFERI;;20200;BASTIA;;9.446524;42.695637;0495553300;cph-bastia@justice.fr
TA;2B033;9;3908;Tribunal Administratif de Bastia;VILLA MONTEPIANO;;20200;BASTIA;;9.450748;42.702137;0495328866;greffe.ta-bastia@juradm.fr
TBRTJ;2B033;9;63431;Tribunal Paritaire des Baux Ruraux de Bastia;ROND-POINT DE MORO GIAFFERI;;20200;BASTIA;;9.446524;42.695637;0495552300;
TCO;2B033;1;279;Tribunal de Commerce de Bastia;ROND-POINT DE MORO GIAFFERI;;20200;BASTIA;;9.446524;42.695637;0495348470;
TE;21231;1;2327;Tribunal pour Enfants de Dijon;13 BOULEVARD CLEMENCEAU;;21000;DIJON;;5.048393;47.327804;0380704500;
TGI;21231;1;73;Tribunal judiciaire de Dijon;13 BOULEVARD CLEMENCEAU;;21000;DIJON;;5.048393;47.327804;0380704500;accueil-dijon@justice.fr
CA;21231;1;5;Cour d'Appel de Dijon;8 RUE AMIRAL ROUSSIN;;21000;DIJON;;5.041711;47.320421;0380446100;
CASS;21231;1;1913;Cour d'Assises de la Côte-d'Or;8 RUE AMIRAL ROUSSIN;;21000;DIJON;;5.041711;47.320421;0380446100;
CCD;21231;9;67398;Cour Criminelle Départementale de la Côte-d'Or;8 RUE AMIRAL ROUSSIN;;21000;DIJON;;5.041711;47.320421;03 80 44 61 00;
CDAD;21231;9;58983;Conseil départemental d'accès au droit de la Côte d'Or;13 BOULEVARD CLEMENCEAU;;21000;DIJON;;5.048393;47.327804;0380704587;cdad-21@justice.fr
CPH;21231;1;993;Conseil de Prud'hommes de Dijon;13 BOULEVARD CLEMENCEAU;;21000;DIJON;;5.048393;47.327804;0380704500;cph-dijon@justice.fr
TA;21231;9;3920;Tribunal Administratif de Dijon;22 RUE D'ASSAS;;21000;DIJON;;5.043314;47.324463;0380739100;greffe.ta-dijon@juradm.fr
TBRTJ;21231;9;63435;Tribunal Paritaire des Baux Ruraux de Dijon;13 BOULEVARD CLEMENCEAU;;21000;DIJON;;5.048393;47.327804;0380704525;
TCO;21231;1;284;Tribunal de Commerce de Dijon;13 BOULEVARD CLEMENCEAU;;21000;DIJON;;5.048393;47.327804;0970723050;gtcdijon@greffe-dijon.fr
TBRTJ;21054;9;63433;Tribunal Paritaire des Baux Ruraux de Beaune;2 RUE DU TRIBUNAL;;21200;BEAUNE;;4.839338;47.023245;0380250380;
TPRX;21054;9;62969;Tribunal de proximité de Beaune;2 RUE DU TRIBUNAL;;21200;BEAUNE;;4.839338;47.023245;0380250380;accueil-beaune@justice.fr
TBRTJ;21425;9;63447;Tribunal Paritaire des Baux Ruraux de Montbard;6 AVENUE FOCH;;21500;MONTBARD;;4.336724;47.620894;0380925130;
TPRX;21425;9;63030;Tribunal de proximité de Montbard;6 AVENUE FOCH;;21500;MONTBARD;;4.336724;47.620894;0380925130;accueil-montbard@justice.fr
TE;22278;1;2348;Tribunal pour Enfants de Saint-Brieuc;PARC DES PROMENADES;;22000;ST BRIEUC;;-2.757181;48.513752;0296623007;
TGI;22278;1;76;Tribunal judiciaire de Saint-Brieuc;PARC DES PROMENADES;;22000;ST BRIEUC;;-2.757181;48.513752;0296623000;tj1-st-brieuc@justice.fr
CASS;22278;9;2223;Cour d'Assises des Côtes-d'Armor;PARC DES PROMENADES;;22000;ST BRIEUC;;-2.758313;48.513306;0296623000;
CCD;22278;9;67399;Cour Criminelle Départementale des Côtes-d'Armor;PARC DES PROMENADES;;22000;ST BRIEUC;;-2.758313;48.513306;02 96 62 30 00;
CDAD;22278;9;59030;Conseil départemental d'accès au droit des Côtes d'Armor;ALLEE DES PROMENADES;;22000;ST BRIEUC;;-2.733951;48.522801;0296623000;
CPH;22278;1;996;Conseil de Prud'hommes de Saint-Brieuc;17 RUE PARMENTIER;;22000;ST BRIEUC;;-2.751889;48.508721;0296333443;cph-st-brieuc@justice.fr
TAE;22278;9;79917;Tribunal des activités économiques de Saint-Brieuc;17 RUE PARMENTIER;;22000;ST BRIEUC;;-2.751889;48.508721;0296336892;gtc.st-brieuc@greffe-tc.net
TBRTJ;22278;9;63539;Tribunal Paritaire des Baux Ruraux de Saint-Brieuc;6 BIS ALLEE MARIE LE VAILLANT;;22000;ST BRIEUC;;-2.758251;48.51274;0296626420;ti-st-brieuc@justice.fr
CPH;22050;1;994;Conseil de Prud'hommes de Dinan;20 PLACE DUGUESCLIN;;22100;DINAN;;-2.044494;48.451195;0296390091;cph-dinan@justice.fr
TBRTJ;22050;9;63535;Tribunal Paritaire des Baux Ruraux de Dinan;20 PLACE DUGUESCLIN;;22100;DINAN;;-2.043741;48.4518;0296871696;
TPRX;22050;9;62992;Tribunal de proximité de Dinan;20 PLACE DUGUESCLIN;;22100;DINAN;;-2.043741;48.4518;0296871696;tprx-dinan@justice.fr
CPH;22070;1;995;Conseil de Prud'hommes de Guingamp;38 PLACE DU CENTRE;;22200;GUINGAMP;;-3.152159;48.562789;0296401140;cph-guingamp@justice.fr
TBRTJ;22070;9;63537;Tribunal Paritaire des Baux Ruraux de Guingamp;38 PLACE DU CENTRE;;22200;GUINGAMP;;-3.152159;48.562789;0296401140;
TPRX;22070;9;63008;Tribunal de proximité de Guingamp;38 PLACE DU CENTRE;;22200;GUINGAMP;;-3.152159;48.562788;0296401140;tprx2-guingamp@justice.fr
TE;23096;1;2358;Tribunal pour Enfants de Guéret;23 PLACE BONNYAUD;;23000;GUERET;;1.872084;46.168809;0555519359;
TGI;23096;1;77;Tribunal judiciaire de Guéret;23 PLACE BONNYAUD;;23000;GUERET;;1.872084;46.168809;0587562087;tj-gueret@justice.fr
CASS;23096;9;7663;Cour d'Assises de la Creuse;23 PLACE BONNYAUD;;23000;GUERET;;1.872084;46.168809;0555519359;
CCD;23096;9;67400;Cour Criminelle Départementale de la Creuse;23 PLACE BONNYAUD;;23000;GUERET;;1.872084;46.168809;05 55 51 93 59;
CDAD;23096;9;58991;Conseil départemental d'accès au droit de laCreuse;23 PLACE BONNYAUD;;23000;GUERET;;1.872084;46.168809;0555519359;cdad-creuse@justice.fr
CPH;23096;1;997;Conseil de Prud'hommes de Guéret;4 RUE DE L'ANCIENNE MAIRIE;;23000;GUERET;;1.869163;46.169997;0587562123;cph-gueret@justice.fr
TBRTJ;23096;9;63843;Tribunal Paritaire des Baux Ruraux de Guéret;2 RUE DES TANNERIES;;23000;GUERET;;1.872564;46.168774;0555519600;
TCO;23096;9;37484;Tribunal de commerce de Guéret;23 PLACE BONNYAUD;;23000;GUERET;;1.872084;46.168809;0555411011;
TE;24322;1;2374;Tribunal pour Enfants de Périgueux;19 BIS BOULEVARD MONTAIGNE;;24000;PERIGUEUX;;0.720284;45.18581;0553027700;
TGI;24322;1;79;Tribunal judiciaire de Périgueux;19 BIS BOULEVARD MONTAIGNE;;24000;PERIGUEUX;;0.720284;45.18581;0553027700;accueil.tj-perigueux@justice.fr
CASS;24322;9;2221;Cour d'Assises de la Dordogne;19 BIS COURS MONTAIGNE;;24000;PERIGUEUX;;0.723136;45.186244;0553027700;
CCD;24322;9;67402;Cour Criminelle Départementale de la Dordogne;19 BIS COURS MONTAIGNE;;24000;PERIGUEUX;;0.723136;45.186244;05 53 02 77 00;
CDAD;24322;9;59021;Conseil départemental d'accès au droit de Dordogne;19 BIS BOULEVARD MONTAIGNE;;24000;PERIGUEUX;;0.720284;45.18581;0553027700;cdad-dordogne@wanadoo.fr
CPH;24322;1;999;Conseil de Prud'hommes de Périgueux;5 RUE MALEVILLE;;24000;PERIGUEUX;;0.720719;45.181838;0553027700;cph-perigueux@justice.fr
TBRTJ;24322;9;63509;Tribunal Paritaire des Baux Ruraux de Périgueux;12 BIS PLACE DU GENERAL LECLERC;;24000;PERIGUEUX;;0.719809;45.186476;0553027700;
TCO;24322;1;289;Tribunal de Commerce de Périgueux;3 PLACE YVES GUENA;;24000;PERIGUEUX;;0.721458;45.187416;0553456000;
TE;24037;1;2365;Tribunal pour Enfants de Bergerac;6 RUE DES CARMES;;24100;BERGERAC;;0.486719;44.853418;0553744000;
TGI;24037;1;78;Tribunal judiciaire de Bergerac;RUE DU PALAIS ;;24100;BERGERAC;;44.85282;0.48565;0553744000;accueil-bergerac@justice.fr
CPH;24037;1;998;Conseil de Prud'hommes de Bergerac;6 RUE DES CARMES;;24100;BERGERAC;;0.486719;44.853418;05 53 57 68 56;cph-bergerac@justice.fr
TBRTJ;24037;9;63507;Tribunal Paritaire des Baux Ruraux de Bergerac;6 BIS RUE DES CARMES;;24100;BERGERAC;;0.486956;44.853608;0553570615;
TCO;24037;1;288;Tribunal de Commerce de Bergerac;6/8 RUE DU PROFESSSEUR TESTUT;;24100;BERGERAC;;6.15293;47.61937;0553635800;
TBRTJ;24520;9;63511;Tribunal Paritaire des Baux Ruraux de Sarlat-la-Canéda;PLACE DE LA GRANDE RIGAUDIE;;24200;SARLAT LA CANEDA;;1.215458;44.891418;0524101000;
TPRX;24520;9;63060;Tribunal de proximité de Sarlat-la-Canéda;PLACE DE LA GRANDE RIGAUDIE;;24200;SARLAT LA CANEDA;;1.215458;44.891418;0524101000;accueil-sarlat@justice.fr
TE;25056;1;2381;Tribunal pour Enfants de Besançon;1 RUE MEGEVAND;;25000;BESANCON;;6.022476;47.236676;0381616000;
TGI;25056;1;80;Tribunal judiciaire de Besançon;1 RUE MEGEVAND;;25000;BESANCON;;6.022476;47.236676;0381651300;tj1-besancon@justice.fr
CA;25056;1;6;Cour d'Appel de Besançon;1 RUE MEGEVAND;;25000;BESANCON;;6.022476;47.236676;0381651300;ca-besancon@justice.fr
CASS;25056;1;1918;Cour d'Assises du Doubs;1 RUE MEGEVAND;;25000;BESANCON;;6.022476;47.236676;0381651300;
CCD;25056;9;67403;Cour Criminelle Départementale du Doubs;1 RUE MEGEVAND;;25000;BESANCON;;6.022476;47.236676;03 81 65 13 00;
CDAD;25056;9;58962;Conseil départemental d'accès au droit du Doubs;1 RUE MEGEVAND;;25000;BESANCON;;6.022476;47.236676;0769159312;
CPH;25056;1;1000;Conseil de Prud'hommes de Besançon;1 TER RUE DELAVELLE;;25000;BESANCON;;6.028185;47.243166;0381803932;cph-besancon@justice.fr
TA;25056;9;3921;Tribunal Administratif de Besançon;30 RUE CHARLES NODIER;;25000;BESANCON;;6.025384;47.231889;0381826000;greffe.ta-besancon@juradm.fr
TBRTJ;25056;9;63448;Tribunal Paritaire des Baux Ruraux de Besançon;1 RUE MEGEVAND;;25000;BESANCON;;6.022476;47.236676;0381651300;
TCO;25056;1;291;Tribunal de Commerce de Besançon;1 RUE MEGEVAND;;25000;BESANCON;;6.022476;47.236676;0381836090;
TE;25388;1;2389;Tribunal pour Enfants de Montbéliard;RUE WOLFGANG AMADEUS MOZART;;25200;MONTBELIARD;;6.799474;47.500306;0381907000;
TGI;25388;1;81;Tribunal judiciaire de Montbéliard;RUE WOLFGANG AMADEUS MOZART;;25200;MONTBELIARD;;6.799474;47.500306;0381907000;accueil-montbeliard@justice.fr
CPH;25388;1;1001;Conseil de Prud'hommes de Montbéliard;RUE WOLFGANG AMADEUS MOZART;;25200;MONTBELIARD;;6.799474;47.500306;0381907000;cph-montbeliard@justice.fr
TBRTJ;25388;9;63450;Tribunal Paritaire des Baux Ruraux de Montbéliard;RUE WOLFGANG AMADEUS MOZART;;25200;MONTBELIARD;;6.799474;47.500306;0381907000;
TBRTJ;25462;9;63452;Tribunal Paritaire des Baux Ruraux de Pontarlier;1 PLACE VILLINGEN SCHWENNINGEN;;25300;PONTARLIER;;6.353713;46.901341;0381386300;
TPRX;25462;9;63049;Tribunal de proximité de Pontarlier;1 PLACE VILLINGEN SCHWENNINGEN;;25300;PONTARLIER;;6.353713;46.901341;0381386300;accueil-pontarlier@justice.fr
TGI;26362;1;82;Tribunal judiciaire de Valence;2 PLACE SIMONE VEIL;;26000;VALENCE;;4.891294;44.933467;0475754949;accueil.tj-valence@justice.fr
TE;26362;1;2399;Tribunal pour Enfants de Valence;PLACE DU PALAIS DE JUSTICE;;26000;VALENCE;;4.892378;44.931547;0475754949;
CASS;26362;9;2220;Cour d'Assises de la Drôme;PLACE DU PALAIS DE JUSTICE;;26000;VALENCE;;4.892378;44.931547;0475754949;
CCD;26362;9;67404;Cour Criminelle Départementale de la Drôme;PLACE DU PALAIS DE JUSTICE;;26000;VALENCE;;4.892378;44.931547;04 75 75 49 49;
CDAD;26362;9;59040;Conseil départemental d'accès au droit de la Drôme;2 PLACE DU PALAIS;;26000;VALENCE;;4.892187;44.931592;0475754930;cdad26@gmail.com
CPH;26362;1;1004;Conseil de Prud'hommes de Valence;7 AVENUE DE VERDUN;;26000;VALENCE;;4.897285;44.937838;0475430985;cph-valence@justice.fr
TBRTJ;26362;9;63568;Tribunal Paritaire des Baux Ruraux de Valence;2 PLACE DU PALAIS;;26000;VALENCE;;4.892187;44.931592;0475759777;
TBRTJ;26281;9;63566;Tribunal Paritaire des Baux Ruraux de Romans-sur-Isère;PLACE JULES NADI;;26100;ROMANS SUR ISERE;;5.051969;45.044178;0475020917;
TCO;26281;1;293;Tribunal de Commerce de Romans-sur-Isère;2-4 RUE SABATON;;26100;ROMANS SUR ISERE;;5.05131;45.042472;0475711848;
TPRX;26281;9;63056;Tribunal de proximité de Romans-sur-Isère;PLACE JULES NADI;;26100;ROMANS SUR ISERE;;5.051652;45.044613;0475020917;tprx-romans-sur-isere@justice.fr
CPH;26198;1;1002;Conseil de Prud'hommes de Montélimar;PLACE EMILE LOUBET;;26200;MONTELIMAR;;4.749479;44.557095;0475006640;cph-montelimar@justice.fr
TBRTJ;26198;9;63564;Tribunal Paritaire des Baux Ruraux de Montélimar;PLACE EMILE LOUBET;;26200;MONTELIMAR;;4.749479;44.557095;0475007820;
TPRX;26198;9;63032;Tribunal de proximité de Montélimar;PLACE EMILE LOUBET;;26200;MONTELIMAR;;4.749479;44.557095;0475007820;tprx-montelimar@justice.fr
TE;27229;1;2413;Tribunal pour Enfants d'Evreux;30 RUE JOSEPHINE;;27000;EVREUX;;1.143814;49.023778;0232295500;
TGI;27229;1;84;Tribunal judiciaire d'Evreux;30 RUE JOSEPHINE;;27000;EVREUX;;1.143814;49.023778;0232295500;tj-evreux@justice.fr
CASS;27229;9;2219;Cour d'Assises de l'Eure;30 RUE JOSEPHINE;;27000;EVREUX;;1.143814;49.023778;0232295500;
CCD;27229;9;67406;Cour Criminelle Départementale de l'Eure;30 RUE JOSEPHINE;;27000;EVREUX;;1.143814;49.023778;02 32 29 55 00;
CDAD;27229;9;58985;Conseil départemental d'accès au droit de l'Eure;30 RUE JOSEPHINE;;27000;EVREUX;;1.143814;49.023778;0232295598;cdad-eure@justice.fr
CPH;27229;1;1006;Conseil de Prud'hommes d'Evreux;7 RUE DE LA PETITE CITE;;27000;EVREUX;;1.149696;49.025202;0232070295;cph-evreux@justice.fr
TBRTJ;27229;9;63765;Tribunal Paritaire des Baux Ruraux d'Evreux;4 BIS RUE DE VERDUN;;27000;EVREUX;;1.146266;49.023855;0232295640;
TCO;27229;1;295;Tribunal de Commerce d'Evreux;7 RUE DE LA PETITE CITE;;27000;EVREUX;;1.149696;49.025202;0232223720;contact@greffe-tc-evreux.fr
CPH;27056;1;1005;Conseil de Prud'hommes de Bernay;PLACE GUSTAVE HEON;;27300;BERNAY;;0.597734;49.089424;0232434196;cph-bernay@justice.fr
TBRTJ;27056;9;63763;Tribunal Paritaire des Baux Ruraux de Bernay;PLACE GUSTAVE HEON;;27300;BERNAY;;0.597734;49.089424;0232475220;
TCO;27056;9;37488;Tribunal de commerce de Bernay;19 BOULEVARD DUBUS;;27300;BERNAY;;0.596881;49.087569;0232447827;
TPRX;27056;9;62972;Tribunal de proximité de Bernay;PLACE GUSTAVE HEON;;27300;BERNAY;;0.597734;49.089424;0232475220;tprx-bernay@justice.fr
CPH;27375;1;1007;Conseil de Prud'hommes de Louviers;11 RUE DES PENITENTS;;27400;LOUVIERS;;1.172566;49.212801;0232402086;cph-louviers@justice.fr
TBRTJ;27375;9;66295;Tribunal Paritaire des Baux Ruraux de Louviers;11 RUE DES PENITENTS;;27400;LOUVIERS;;1.172566;49.212801;0232402086;accueil.tprx-louviers@justice.fr
TPRX;27375;9;65406;Tribunal de proximité de Louviers;11 RUE DES PENITENTS;;27400;LOUVIERS;;1.172566;49.212801;0232402086;tprx-louviers@justice.fr
TGI;28085;1;85;Tribunal judiciaire de Chartres;3 RUE SAINT-JACQUES;;28000;CHARTRES;;1.48612;48.450068;0237187700;tj1-chartres@justice.fr
TE;28085;1;2422;Tribunal pour Enfants de Chartres;6 RUE DU PALAIS DE JUSTICE;;28000;CHARTRES;;1.486687;48.449142;0237187754;
CASS;28085;9;2217;Cour d'Assises de l'Eure-et-Loir;3 RUE SAINT-JACQUES;;28000;CHARTRES;;1.48612;48.450068;0237187700;
CCD;28085;9;67407;Cour Criminelle Départementale de l'Eure-et-Loir;3 RUE SAINT-JACQUES;;28000;CHARTRES;;1.48612;48.450068;02 37 18 77 00;
CDAD;28085;9;58975;Conseil départemental d'accès au droit de l'Eure-et-Loir;3 RUE SAINT-JACQUES;;28000;CHARTRES;;1.48612;48.450068;0237187771;
CPH;28085;1;1009;Conseil de Prud'hommes de Chartres;82 AVENUE DU MARECHAL MAUNOURY;;28000;CHARTRES;;1.479665;48.436612;0237365784;accueil.cph-chartres@justice.fr
TBRTJ;28085;9;63773;Tribunal Paritaire des Baux Ruraux de Chartres;5 RUE MATHURIN REGNIER;;28000;CHARTRES;;1.487463;48.443304;0237182820;
TCO;28085;1;298;Tribunal de Commerce de Chartres;22 BOULEVARD CHASLES;;28000;CHARTRES;;1.484527;48.442704;0237840025;
CPH;28134;1;1011;Conseil de Prud'hommes de Dreux;2 PLACE ANATOLE FRANCE;;28100;DREUX;;1.363997;48.736259;0237464362;cph-dreux@justice.fr
TBRTJ;28134;9;63775;Tribunal Paritaire des Baux Ruraux de Dreux;2 PLACE ANATOLE FRANCE;;28100;DREUX;;1.363997;48.736259;0237380850;
TPRX;28134;9;62995;Tribunal de proximité de Dreux;2 PLACE ANATOLE FRANCE;;28100;DREUX;;1.363997;48.736259;0237380850;tprx-dreux@justice.fr
CPH;28088;1;1010;Conseil de Prud'hommes de Châteaudun;PLACE CAP DE LA MADELEINE;;28200;CHATEAUDUN;;1.344723;48.07482;;cph-chateaudun@justice.fr
TE;29232;1;2443;Tribunal pour Enfants de Quimper;48 A QUAI DE L'ODET;;29000;QUIMPER;;-4.109357;47.992522;0298828806;
TGI;29232;1;88;Tribunal judiciaire de Quimper;48 A QUAI DE L'ODET;;29000;QUIMPER;;-4.109357;47.992522;0298828800;tj-quimper@justice.fr
CASS;29232;9;2218;Cour d'Assises du Finistère;48 A QUAI DE L'ODET;;29000;QUIMPER;;-4.109357;47.992522;0298828800;
CCD;29232;9;67408;Cour Criminelle Départementale du Finistère;48 A QUAI DE L'ODET;;29000;QUIMPER;;-4.109357;47.992522;02 98 82 88 00;
CDAD;29232;9;59026;Conseil départemental d'accès au droit du Finistère;48 A QUAI DE L'ODET;;29000;QUIMPER;;-4.109357;47.992522;0290948012;cdad-finistere@justice.fr
CPH;29232;1;1015;Conseil de Prud'hommes de Quimper;48 A QUAI DE L'ODET;;29000;QUIMPER;;-4.109357;47.992522;0298828800;cph-quimper@justice.fr
TBRTJ;29232;9;63545;Tribunal Paritaire des Baux Ruraux de Quimper;48 A QUAI DE L'ODET;;29000;QUIMPER;;-4.109357;47.992522;0298828800;
TCO;29232;1;302;Tribunal de Commerce de Quimper;23 RUE PALAIS;;29000;QUIMPER;;-4.109719;47.993692;0298554247;
TE;29019;1;2429;Tribunal pour Enfants de Brest;32 RUE DE DENVER;;29200;BREST;;-4.485484;48.384433;0298337800;
TGI;29019;1;86;Tribunal judiciaire de Brest;32 RUE DE DENVER;;29200;BREST;;-4.485484;48.384433;0298337800;tj1-brest@justice.fr
CPH;29019;1;1013;Conseil de Prud'hommes de Brest;150 RUE ERNEST HEMINGWAY;;29200;BREST;;-4.478074;48.385528;0298207510;cph-brest@justice.fr
TBRTJ;29019;9;63541;Tribunal Paritaire des Baux Ruraux de Brest;150 RUE ERNEST HEMINGWAY;;29200;BREST;;-4.478074;48.385528;0298207510;
TCO;29019;1;300;Tribunal de Commerce de Brest;150 RUE ERNEST HEMINGWAY;;29200;BREST;;-4.478074;48.385528;0298433131;gtcbrest@greffe-tc.net
CPH;29151;1;1014;Conseil de Prud'hommes de Morlaix;6 ALLEE DU POAN BEN;;29600;MORLAIX;;-3.823123;48.576512;0298880347;cph-morlaix@justice.fr
TBRTJ;29151;9;63543;Tribunal Paritaire des Baux Ruraux de Morlaix;6 ALLEE DU POAN BEN;;29600;MORLAIX;;-3.823123;48.576512;0298880347;
TPRX;29151;9;63036;Tribunal de proximité de Morlaix;6 ALLEE DU POAN BEN;;29600;MORLAIX;;-3.823123;48.576512;0298880347;tprx-morlaix@justice.fr
TE;30189;1;2455;Tribunal pour Enfants de Nîmes;BOULEVARD DES ARENES;;30000;NIMES;;4.359208;43.835382;0466764700;
TGI;30189;1;90;Tribunal judiciaire de Nîmes;BOULEVARD DES ARENES;;30000;NIMES;;4.359208;43.835382;0466764700;accueil-nimes@justice.fr
CA;30189;1;7;Cour d'Appel de Nîmes;BOULEVARD DE LA LIBERATION;;30000;NIMES;;4.361769;43.835373;0466764646;
CASS;30189;1;1923;Cour d'Assises du Gard;BOULEVARD DE LA LIBERATION;;30000;NIMES;;4.361769;43.835373;0466764646;
CCD;30189;9;67409;Cour Criminelle Départementale du Gard;BOULEVARD DE LA LIBERATION;;30000;NIMES;;4.361769;43.835373;04 66 76 46 46;
CDAD;30189;9;59016;Conseil départemental d'accès au droit du Gard;BOULEVARD DES ARENES;;30000;NIMES;;4.359208;43.835382;0466764890;cdad.gard@justice.fr
CPH;30189;1;1017;Conseil de Prud'hommes de Nîmes;46 RUE PORTE DE FRANCE;;30000;NIMES;;4.356702;43.834712;0466406700;cph-nimes@justice.fr
TA;30189;9;36489;Tribunal Administratif de Nimes;16 AVENUE FEUCHERES;;30000;NIMES;;4.3652;43.832568;0466273700;greffe.ta-nimes@juradm.fr
TBRTJ;30189;9;63470;Tribunal Paritaire des Baux Ruraux de Nîmes;5 AVENUE FEUCHERES;;30000;NIMES;;4.364513;43.833575;0466363900;
TCO;30189;1;304;Tribunal de Commerce de Nîmes;12 RUE CITE FOULC;;30000;NIMES;;4.360417;43.832839;0466760351;
TGI;30007;1;89;Tribunal judiciaire d'Alès;3 PLACE HENRI BARBUSSE;;30100;ALES;;4.080712;44.124409;0466562250;accueil-ales@justice.fr
CPH;30007;1;1016;Conseil de Prud'hommes d'Alès;3 PLACE HENRI BARBUSSE;;30100;ALES;;4.080712;44.124409;0466543120;cph-ales@justice.fr
TBRTJ;30007;9;63468;Tribunal Paritaire des Baux Ruraux d'Alès;3 PLACE HENRI BARBUSSE;;30100;ALES;;4.080712;44.124409;0466562750;
TE;44184;1;2635;Tribunal pour Enfants de Saint-Nazaire;77 RUE ALBERT DE MUN;;30200;ST NAZAIRE;;-2.21478;47.27884;0272273030;
TGI;44184;1;115;Tribunal judiciaire de Saint-Nazaire;77 RUE ALBERT DE MUN;;30200;ST NAZAIRE;;-2.21478;47.27884;0272273030;tj-st-nazaire@justice.fr
CPH;44184;1;1056;Conseil de Prud'hommes de Saint-Nazaire;7 RUE DU PALAIS;;30200;ST NAZAIRE;;-2.214436;47.278167;0272273140;cph-st-nazaire@justice.fr
TBRTJ;44184;9;63555;Tribunal Paritaire des Baux Ruraux de Saint-Nazaire;54 RUE DE LA PAIX ET DES ARTS;;30200;ST NAZAIRE;;-2.21521;47.27792;0272273131;
TCO;44184;1;336;Tribunal de Commerce de Saint-Nazaire;77 RUE ALBERT DE MUN;;30200;ST NAZAIRE;;-2.21478;47.27884;0240225232;gtc.saint.nazaire@wanadoo.fr
TBRTJ;30334;9;63472;Tribunal Paritaire des Baux Ruraux d'Uzès;PLACE DE L'EVECHE;;30700;UZES;;4.421896;44.012128;0466221212;
TPRX;30334;9;63072;Tribunal de proximité d'Uzès;PLACE DE L'EVECHE;;30700;UZES;;4.421896;44.012128;0466221212;tprx-uzes@justice.fr
TE;31555;1;2467;Tribunal pour Enfants de Toulouse;2 ALLEE JULES GUESDE;;31000;TOULOUSE;;1.447969;43.594266;0561337515;
TGI;31555;1;92;Tribunal judiciaire de Toulouse;2 ALLEE JULES GUESDE;;31000;TOULOUSE;;1.447969;43.594266;0561337070;accueil1.tj-toulouse@justice.fr
CA;31555;1;8;Cour d'Appel de Toulouse;10 PLACE DU SALIN;;31000;TOULOUSE;;1.444874;43.594208;0561337001;
CAA;31555;9;72540;Cour Administrative d'Appel de Toulouse;3 RUE MONTOULIEU ST JACQUES;;31000;TOULOUSE;;1.45084;43.59754;0532985000;greffe.caa-toulouse@juradm.fr
CASS;31555;1;1928;Cour d'Assises de la Haute-Garonne;10 PLACE DU SALIN;;31000;TOULOUSE;;1.444874;43.594208;0561337474;
CCD;31555;9;64179;Cour Criminelle Départementale de la Haute-Garonne;10 PLACE DU SALIN;;31000;TOULOUSE;;1.444874;43.594208;0561337474;
CDAD;31555;9;59036;Conseil départemental d'accès au droit de la Haute Garonne;2 ALLEE JULES GUESDE;;31000;TOULOUSE;;1.447969;43.594266;0561337088;Cdad-haute-garonne@justice.fr
CPH;31555;1;1019;Conseil de Prud'hommes de Toulouse;6 RUE ANTOINE DEVILLE;;31000;TOULOUSE;;1.439252;43.60587;0562305570;cph-toulouse@justice.fr
TA;31555;9;3922;Tribunal Administratif de Toulouse;68 RUE RAYMOND IV;;31000;TOULOUSE;;1.451532;43.612311;0562735757;greffe.ta-toulouse@juradm.fr
TBRTJ;31555;9;63493;Tribunal Paritaire des Baux Ruraux de Toulouse;40 AVENUE CAMILLE PUJOL;;31000;TOULOUSE;;1.460843;43.601078;0534317979;
TCO;31555;1;306;Tribunal de Commerce de Toulouse;PLACE DE LA BOURSE;;31000;TOULOUSE;;1.442143;43.601324;0561233816;
TBRTJ;31395;9;63489;Tribunal Paritaire des Baux Ruraux de Muret;58 RUE CLEMENT ADER;;31600;MURET;;1.326202;43.46099;0561519650;
TPRX;31395;9;63037;Tribunal de proximité de Muret;58 RUE CLEMENT ADER;;31600;MURET;;1.326202;43.46099;0561519650;tprx-muret@justice.fr
TGI;31483;9;48313;Tribunal judiciaire de St Gaudens;PLACE DU PALAIS;;31800;ST GAUDENS;;0.721841;43.107855;0561898050;accueil.tj-st-gaudens@justice.fr
CPH;31483;1;1018;Conseil de Prud'hommes de Saint-Gaudens;PLACE DU PALAIS;;31800;ST GAUDENS;;0.721841;43.107855;0561897044;cph-st-gaudens@justice.fr
TBRTJ;31483;9;63491;Tribunal Paritaire des Baux Ruraux de Saint-Gaudens;PLACE DU PALAIS;;31800;ST GAUDENS;;0.721841;43.107855;0562008340;
TGI;32013;1;93;Tribunal judiciaire d'Auch;ALLEE D'ETIGNY;;32000;AUCH;;0.582515;43.645682;0562616700;tj-auch@justice.fr
TE;32013;1;2476;Tribunal pour Enfants d'Auch;RUE VICTOR HUGO;;32000;AUCH;;0.573859;43.652478;0562616700;
CASS;32013;9;2216;Cour d'Assises du Gers;ALLEE D'ETIGNY;;32000;AUCH;;0.582272;43.647996;0562616700;
CCD;32013;9;67410;Cour Criminelle Départementale du Gers;ALLEE D'ETIGNY;;32000;AUCH;;0.582272;43.647996;05 62 61 67 00;
CDAD;32013;9;58945;Conseil départemental d'accès au droit du Gers;ALLEE D'ETIGNY;;32000;AUCH;;0.586702;43.646364;0562616727;cdad-gers@justice.fr
CPH;32013;1;1020;Conseil de Prud'hommes d'Auch;PLACE MARECHAL LANNES;;32000;AUCH;;0.585115;43.637001;0562708700;cph-auch@justice.fr
TBRTJ;32013;9;63584;Tribunal Paritaire des Baux Ruraux d'Auch;4 PLACE DU MARECHAL LANNES;;32000;AUCH;;0.584452;43.636855;0562676699;
TCO;32013;1;307;Tribunal de Commerce d'Auch;4 PLACE DU MARECHAL LANNES;;32000;AUCH;;0.584452;43.636855;0562050224;
TBRTJ;32107;9;63586;Tribunal Paritaire des Baux Ruraux de Condom;PLACE LANNELONGUE;;32100;CONDOM;;0.372068;43.958485;0562281549;
TPRX;32107;9;62987;Tribunal de proximité de Condom;16 RUE JEAN JAURES CENTRE SALVANDY;;32100;CONDOM;;0.372366;43.955711;0562281549;tprx-condom@justice.fr
TE;33063;1;2483;Tribunal pour Enfants de Bordeaux;30 RUE DES FRERES BONIE;;33000;BORDEAUX;;-0.580363;44.836555;0547339000;
TGI;33063;1;94;Tribunal judiciaire de Bordeaux;30 RUE DES FRERES BONIE;;33000;BORDEAUX;;-0.580363;44.836555;0547339000;tj-bordeaux@justice.fr
CA;33063;1;9;Cour d'Appel de Bordeaux;PLACE DE LA REPUBLIQUE;;33000;BORDEAUX;;-0.572877;44.835723;0547339000;
CAA;33063;9;6163;Cour Administrative d'Appel de Bordeaux;17 COURS DE VERDUN;;33000;BORDEAUX;;-0.577331;44.846447;0557854242;greffe.caa-bordeaux@juradm.fr
CASS;33063;1;1933;Cour d'Assises de la Gironde;PLACE DE LA REPUBLIQUE;;33000;BORDEAUX;;-0.572877;44.835723;0556013400;
CCD;33063;9;67411;Cour Criminelle Départementale de la Gironde;PLACE DE LA REPUBLIQUE;;33000;BORDEAUX;;-0.572877;44.835723;05 56 01 34 00;
CDAD;33063;9;58965;Conseil départemental d'accès au droit de Gironde;30 RUE DES FRERES BONIE;;33000;BORDEAUX;;-0.580363;44.836555;0547339117;cdad-gironde@justice.fr
CPH;33063;1;1021;Conseil de Prud'hommes de Bordeaux;PLACE DE LA REPUBLIQUE;;33000;BORDEAUX;;-0.620452;44.840733;0547339595;cph-bordeaux@justice.fr
TA;33063;9;3923;Tribunal Administratif de Bordeaux;9 RUE TASTET;;33000;BORDEAUX;;-0.581414;44.835401;0556993800;greffe.ta-bordeaux@juradm.fr
TBRTJ;33063;9;63515;Tribunal Paritaire des Baux Ruraux de Bordeaux;180 RUE LECOCQ;;33000;BORDEAUX;;-0.592221;44.831881;0556797979;
TCO;33063;1;309;Tribunal de Commerce Bordeaux;19 PLACE DE LA BOURSE;;33000;BORDEAUX;;-0.570232;44.84198;0556018170;
TBRTJ;33009;9;63513;Tribunal Paritaire des Baux Ruraux d'Arcachon;PLACE LUCIEN DE GRACIA;;33120;ARCACHON;;-1.170823;44.660969;0556831466;
TPRX;33009;9;62961;Tribunal de proximité d'Arcachon;6 PLACE DE VERDUN;;33120;ARCACHON;;-1.160693;44.658192;0547339240;accueil-arcachon@justice.fr
TE;33243;9;20276;Tribunal pour Enfants de Libourne;22 RUE THIERS;;33500;LIBOURNE;;-0.244498;44.913838;0557553680;
TGI;33243;1;95;Tribunal judiciaire de Libourne;22 RUE THIERS;;33500;LIBOURNE;;-0.244498;44.913838;0557553680;accueil-libourne@justice.fr
CPH;33243;1;1022;Conseil de Prud'hommes de Libourne;36 RUE VICTOR HUGO;;33500;LIBOURNE;;-0.246177;44.915643;0557517542;cph-libourne@justice.fr
TBRTJ;33243;9;63517;Tribunal Paritaire des Baux Ruraux de Libourne;22 RUE THIERS;;33500;LIBOURNE;;-0.244498;44.913838;0557553680;
TCO;33243;1;310;Tribunal de Commerce de Libourne;36 RUE VICTOR HUGO;;33500;LIBOURNE;;-0.246177;44.915643;0557255805;
TE;34172;1;2502;Tribunal pour Enfants de Montpellier;PLACE PIERRE FLOTTE;;34000;MONTPELLIER;;3.868667;43.610477;0467126151;
TGI;34172;1;97;Tribunal judiciaire de Montpellier;PLACE PIERRE FLOTTE;;34000;MONTPELLIER;;3.868667;43.610477;0467126000;accueil.tj-montpellier@justice.fr
CA;34172;1;10;Cour d'Appel de Montpellier;1 RUE DU MARECHAL FOCH;;34000;MONTPELLIER;;3.872841;43.612199;0434088080;
CASS;34172;1;1938;Cour d'Assises de l'Hérault;1 RUE DU MARECHAL FOCH;;34000;MONTPELLIER;;3.872841;43.612199;0434088080;
CCD;34172;9;64158;Cour Criminelle Départementale de l'Hérault;1 RUE DU MARECHAL FOCH;;34000;MONTPELLIER;;3.872841;43.612199;0434088080;
CDAD;34172;9;59009;Conseil départemental d'accès au droit de l'Hérault;PLACE PIERRE FLOTTE;;34000;MONTPELLIER;;3.868667;43.610477;0467126298;cdad-herault@justice.fr
CPH;34172;1;1026;Conseil de Prud'hommes de Montpellier;9 RUE DE TARRAGONE;;34000;MONTPELLIER;;3.88624;43.604607;0434083200;cph-montpellier@justice.fr
TA;34172;9;3924;Tribunal Administratif de Montpellier;6 RUE PITOT;;34000;MONTPELLIER;;3.870668;43.612084;0467548100;greffe.ta-montpellier@juradm.fr
TBRTJ;34172;9;63529;Tribunal Paritaire des Baux Ruraux de Montpellier;9 RUE DE TARRAGONE;;34000;MONTPELLIER;;3.88624;43.604607;0434083142;
TCO;34172;1;314;Tribunal de Commerce de Montpellier;9 RUE DE TARRAGONE;;34000;MONTPELLIER;;3.88624;43.604607;0467608088;
CPH;34301;1;1027;Conseil de Prud'hommes de Sète;PLAN JOSEPH SOULET;;34200;SETE;;3.693866;43.40638;0434083257;cph-sete@justice.fr
TBRTJ;34301;9;63531;Tribunal Paritaire des Baux Ruraux de Sète;220 AVENUE MARECHAL JUIN;;34200;SETE;;3.70373;43.40692;0434083186;
TPRX;34301;9;63065;Tribunal de proximité de Sète;220 AVENUE MARECHAL JUIN;;34200;SETE;;3.70373;43.40692;0434083186;tprx-sete@justice.fr
TE;34032;1;2495;Tribunal pour Enfants de Béziers;93 AVENUE DU PRESIDENT WILSON;;34500;BEZIERS;;3.226856;43.335737;0430173400;
TGI;34032;1;96;Tribunal judiciaire de Béziers;93 AVENUE DU PRESIDENT WILSON;;34500;BEZIERS;;3.226856;43.335737;0430173400;
CPH;34032;1;1024;Conseil de Prud'hommes de Béziers;93 AVENUE DU PRESIDENT WILSON;;34500;BEZIERS;;3.226856;43.335737;0430173400;cph-beziers@justice.fr
TBRTJ;34032;9;63527;Tribunal Paritaire des Baux Ruraux de Béziers;93 AVENUE DU PRESIDENT WILSON;;34500;BEZIERS;;3.226856;43.335737;0430173403;
TCO;34032;1;311;Tribunal de Commerce de Béziers;93 AVENUE DU PRESIDENT WILSON;;34500;BEZIERS;;3.226856;43.335737;0430173400;
TE;35238;1;2509;Tribunal pour Enfants de Rennes;7 RUE PIERRE ABELARD;;35000;RENNES;;-1.68734;48.105046;0299653737;
TGI;35238;1;98;Tribunal judiciaire de Rennes;7 RUE PIERRE ABELARD;;35000;RENNES;;-1.68734;48.105046;0299653737;accueil.tj-rennes@justice.fr
CA;35238;1;11;Cour d'Appel de Rennes;PLACE DU PARLEMENT DE BRETAGNE;;35000;RENNES;;-1.677817;48.112325;0223204300;
CASS;35238;1;1943;Cour d'Assises de l'Ille-et-Vilaine;PLACE DU PARLEMENT DE BRETAGNE;;35000;RENNES;;-1.677817;48.112325;0223204300;
CCD;35238;9;67423;Cour Criminelle Départementale de l'Ille-et-Vilaine;PLACE DU PARLEMENT DE BRETAGNE;;35000;RENNES;;-1.677817;48.112325;02 23 20 43 00;
CDAD;35238;9;59027;Conseil départemental d'accès au droit d'Ille et Vilaine;7 RUE PIERRE ABELARD;;35000;RENNES;;-1.68734;48.105046;;cdad-ille-et-vilaine@justice.fr
CPH;35238;1;1030;Conseil de Prud'hommes de Rennes;2 PLACE DE LA ROTONDE;;35000;RENNES;;-1.687026;48.107126;0299656580;cph-rennes@justice.fr
TA;35238;9;3925;Tribunal Administratif de Rennes;3 CONTOUR DE LA MOTTE;;35000;RENNES;;-1.675477;48.112929;0223212828;greffe.ta-rennes@juradm.fr
TBRTJ;35238;9;63549;Tribunal Paritaire des Baux Ruraux de Rennes;7 RUE PIERRE ABELARD;;35000;RENNES;;-1.68734;48.105046;0299653710;
TCO;35238;1;317;Tribunal de Commerce de Rennes;7 RUE PIERRE ABELARD;;35000;RENNES;;-1.68734;48.105046;0299653888;
TBRTJ;35115;9;63561;Tribunal Paritaire des Baux Ruraux du tribunal d'instance de Fougères;5 PLACE ARISTIDE BRIAND;;35300;FOUGERES;;-1.201358;48.354327;0223512000;
TPRX;35115;9;63002;Tribunal de proximité de Fougères;5 PLACE ARISTIDE BRIAND;;35300;FOUGERES;;-1.201358;48.354327;0290562120;tprx-fougeres@justice.fr
TE;35288;9;20279;Tribunal pour Enfants de Saint-Malo;49 AVENUE ARISTIDE BRIAND;;35400;ST MALO;;-1.997768;48.648929;0299202085;
TGI;35288;1;99;Tribunal judiciaire de Saint-Malo;49 AVENUE ARISTIDE BRIAND;;35400;ST MALO;;-1.997781;48.649032;0290044200;accueil-tj-malo@justice.fr
CPH;35288;1;1031;Conseil de Prud'hommes de Saint-Malo;49 AVENUE ARISTIDE BRIAND;;35400;ST MALO;;-1.997781;48.649032;0290044200;cph-st-malo@justice.fr
TBRTJ;35288;9;63551;Tribunal Paritaire des Baux Ruraux de Saint-Malo;2 RUE TOULIER;;35400;ST MALO;;-2.009682;48.645745;0223185010;
TCO;35288;1;318;Tribunal de Commerce de Saint-Malo;1 RUE DE LA CROIX DESILLES;;35400;ST MALO;;-1.972684;48.65312;0299200090;
TBRTJ;35236;9;63547;Tribunal Paritaire des Baux Ruraux de Redon;3 RUE JOSEPH DESMARS;;35600;REDON;;-2.082297;47.65115;0290562090;
TPRX;35236;9;63053;Tribunal de proximité de Redon;3 RUE JOSEPH DESMARS;;35600;REDON;;-2.082297;47.65115;0290562090;tprx-redon@justice.fr / jaf.tprx-redon@justice.fr
TE;36044;1;2523;Tribunal pour Enfants de Châteauroux;PLACE LUCIEN GERMEREAU;;36000;CHATEAUROUX;;1.693542;46.808977;0254603525;
TGI;36044;1;100;Tribunal judiciaire de Châteauroux;PLACE LUCIEN GERMEREAU;;36000;CHATEAUROUX;;1.693542;46.808977;0254603535;tj-chateauroux@justice.fr
CASS;36044;9;2215;Cour d'Assises de l'Indre;PLACE LUCIEN GERMEREAU;;36000;CHATEAUROUX;;1.693542;46.808977;0254603535;
CCD;36044;9;67424;Cour Criminelle Départementale de l'Indre;PLACE LUCIEN GERMEREAU;;36000;CHATEAUROUX;;1.693542;46.808977;02 54 60 35 35;
CDAD;36044;9;58976;Conseil départemental d'accès au droit de l'Indre;PLACE LUCIEN GERMEREAU;;36000;CHATEAUROUX;;1.693542;46.808977;0254603535;cdad-indre@justice.fr
CPH;36044;1;1033;Conseil de Prud'hommes de Châteauroux;PLACE LUCIEN GERMEREAU;;36000;CHATEAUROUX;;1.693542;46.808977;0218479030;cph-chateauroux@justice.fr
TBRTJ;36044;9;63423;Tribunal Paritaire des Baux Ruraux de Châteauroux;11 RUE PAUL LOUIS COURIER;;36000;CHATEAUROUX;;1.692105;46.809349;0254530310;
TCO;36044;1;319;Tribunal de Commerce de Châteauroux;11 RUE PAUL LOUIS COURIER;;36000;CHATEAUROUX;;1.692105;46.809349;0254228638;
TE;37261;1;2532;Tribunal pour Enfants de Tours;2 PLACE JEAN-JAURES;;37000;TOURS;;0.689781;47.390085;0247602660;
TGI;37261;1;101;Tribunal judiciaire de Tours;2 PLACE JEAN-JAURES;;37000;TOURS;;0.689781;47.390085;0245344100;tj-tours@justice.fr
CASS;37261;9;2213;Cour d'Assises de l'Indre-et-Loire;2 PLACE JEAN-JAURES;;37000;TOURS;;0.689781;47.390085;0247602660;
CCD;37261;9;67425;Cour Criminelle Départementale de l'Indre-et-Loire;2 PLACE JEAN-JAURES;;37000;TOURS;;0.689781;47.390085;02 47 60 26 60;
CDAD;37261;9;59037;Conseil départemental d'accès au droit de l'Indre et Loire;2 PLACE JEAN-JAURES;;37000;TOURS;;0.689781;47.390085;;cdad-indre-et-loire@justice.fr
CPH;37261;1;1035;Conseil de Prud'hommes de Tours;2 RUE ALBERT DENNERY;;37000;TOURS;;0.698096;47.388681;0245344340;cph-tours@justice.fr
TBRTJ;37261;9;63576;Tribunal Paritaire des Baux Ruraux de Tours;35 RUE EDOUARD VAILLANT;;37000;TOURS;;0.698308;47.386422;0247602760;
TCO;37261;1;321;Tribunal de Commerce de Tours;12 RUE BERTHELOT;;37000;TOURS;;0.68813;47.394918;0247312001;
TE;38185;1;2545;Tribunal pour Enfants de Grenoble;PLACE FIRMIN GAUTIER;;38000;GRENOBLE;;5.711666;45.190787;0438212221;
TGI;38185;1;103;Tribunal judiciaire de Grenoble;PLACE FIRMIN GAUTIER;;38000;GRENOBLE;;5.711666;45.190787;0438212121;tj-grenoble@justice.fr
CA;38185;1;12;Cour d'Appel de Grenoble;PLACE FIRMIN GAUTIER;;38000;GRENOBLE;;5.711666;45.190787;0438212121;
CASS;38185;1;1948;Cour d'Assises de l'Isère;PLACE FIRMIN GAUTIER;;38000;GRENOBLE;;5.711666;45.190787;0438212121;
CCD;38185;9;64178;Cour Criminelle Départementale de l'Isère;PLACE FIRMIN GAUTIER;;38000;GRENOBLE;;5.711666;45.190787;0438212121;
CDAD;38185;9;58990;Conseil départemental d'accès au droit de l'Isère;PLACE FIRMIN GAUTIER;;38000;GRENOBLE;;5.711529;45.1906;0438212420;
CPH;38185;9;5647;Conseil de Prud'hommes de Grenoble;PLACE FIRMIN GAUTIER;;38000;GRENOBLE;;5.711666;45.190787;0438212180;cph-grenoble@justice.fr
TA;38185;9;3926;Tribunal Administratif de Grenoble;2 PLACE DE VERDUN;;38000;GRENOBLE;;5.73107;45.188648;0476429000;greffe.ta-grenoble@juradm.fr
TBRTJ;38185;9;63572;Tribunal Paritaire des Baux Ruraux de Grenoble;PLACE FIRMIN GAUTIER;;38000;GRENOBLE;;5.711666;45.190787;0438212121;
TCO;38185;1;322;Tribunal de Commerce de Grenoble;PLACE FIRMIN GAUTIER;;38000;GRENOBLE;;5.711666;45.190787;0456585050;
TE;38544;1;2552;Tribunal pour Enfants de Vienne;16 PLACE CHARLES DE GAULLE;;38200;VIENNE;;4.874075;45.52589;0474788181;
TGI;38544;1;104;Tribunal judiciaire de Vienne;16 PLACE CHARLES DE GAULLE;;38200;VIENNE;;4.874075;45.52589;0474788181;accueil.tj-vienne@justice.fr
CPH;38544;1;1039;Conseil de Prud'hommes de Vienne;28 BIS AVENUE GENERAL LECLERC;;38200;VIENNE;;4.866273;45.513712;0474851484;cph-vienne@justice.fr
TBRTJ;38544;9;63574;Tribunal Paritaire des Baux Ruraux de Vienne;27-31 RUE DE BOURGOGNE;;38200;VIENNE;;4.873337;45.526101;0474788383;
TCO;38544;1;323;Tribunal de Commerce de Vienne;28 BIS AVENUE GENERAL LECLERC;;38200;VIENNE;;4.866273;45.513712;0428380560;
TE;38053;9;20267;Tribunal pour Enfants de Bourgoin-Jallieu;10 RUE DU TRIBUNAL;;38300;BOURGOIN JALLIEU;;5.277064;45.586741;0474287878;
TGI;38053;1;102;Tribunal judiciaire de Bourgoin-Jallieu;12 rue du Tribunal;;38300;BOURGOIN JALLIEU;;5.276805;45.586821;0474287878;accueil-bourgoin-jallieu@justice.fr
CPH;38053;1;1036;Conseil de Prud'hommes de Bourgoin-Jallieu;12 rue du Tribunal;;38300;BOURGOIN JALLIEU;;5.276805;45.586821;0437033550;cph-bourgoin-jallieu@justice.fr
TBRTJ;38053;9;63570;Tribunal Paritaire des Baux Ruraux de Bourgoin-Jallieu;10 RUE DU TRIBUNAL;;38300;BOURGOIN JALLIEU;;5.277064;45.586741;0474288929;
TE;39300;1;2566;Tribunal pour Enfants de Lons-Le-Saunier;11 RUE PASTEUR;;39000;LONS LE SAUNIER;;5.556534;46.673509;0384351300;
TGI;39300;1;106;Tribunal judiciaire de Lons-le-Saunier;11 RUE PASTEUR;;39000;LONS LE SAUNIER;;5.556493;46.673474;0384351300;accueil-lons-le-saunier@justice.fr
CASS;39300;9;2212;Cour d'Assises du Jura;11 RUE PASTEUR;;39000;LONS LE SAUNIER;;5.556534;46.673509;0384351300;
CCD;39300;9;67426;Cour Criminelle Départementale du Jura;11 RUE PASTEUR;;39000;LONS LE SAUNIER;;5.556534;46.673509;03 84 35 13 00;
CDAD;39300;9;59000;Conseil départemental d'accès au droit du Jura;295 RUE GEORGES TROUILLOT;;39000;LONS LE SAUNIER;;5.5554;46.679091;0363678065;contact@cdad-jura.fr
CPH;39300;1;1042;Conseil de Prud'hommes de Lons-le-Saunier;295 RUE GEORGES TROUILLOT;;39000;LONS LE SAUNIER;;5.5554;46.679091;0363678045;cph-lons-le-saunier@justice.fr
TBRTJ;39300;9;63456;Tribunal Paritaire des Baux Ruraux de Lons-le-Saunier;1 RUE DE BALERNE;;39000;LONS LE SAUNIER;;5.556445;46.675702;0384871600;
TCO;39300;1;325;Tribunal de Commerce de Lons-le-Saunier;295 RUE GEORGES TROUILLOT;;39000;LONS LE SAUNIER;;5.5554;46.679091;0384244476;
CPH;39198;1;1041;Conseil de Prud'hommes de Dole;13-15 COURS CLEMENCEAU;;39100;DOLE;;5.487816;47.091155;0384794200;cph-dole@justice.fr
TBRTJ;39198;9;63454;Tribunal Paritaire des Baux Ruraux de Dôle;13-15 COURS CLEMENCEAU;;39100;DOLE;;5.487816;47.091155;0384794200;
TPRX;39198;9;62994;Tribunal de proximité de Dole;13-15 COURS CLEMENCEAU;;39100;DOLE;;5.487816;47.091155;0384794200;accueil-dole@justice.fr
TBRTJ;39478;9;63458;Tribunal Paritaire des Baux Ruraux de Saint-Claude;12 RUE ROSSET;;39200;ST CLAUDE;;5.865873;46.388257;0384453112;
TPRX;39478;9;62984;Tribunal de proximité de Saint-Claude;12 RUE ROSSET;;39200;ST CLAUDE;;5.865873;46.388257;0384453112;accueil-saint-claude@justice.fr
TE;40192;1;2580;Tribunal pour Enfants de Mont-de-Marsan;249 AVENUE DU COLONEL ROZANOFF;;40000;MONT DE MARSAN;;-0.477606;43.878167;0558854185/64;
TGI;40192;1;108;Tribunal judiciaire de Mont-de-Marsan;249 AVENUE DU COLONEL ROZANOFF;;40000;MONT DE MARSAN;;-0.504852;43.900087;0524280400;tj-mont-de-marsan@justice.fr
CASS;40192;9;2209;Cour d'Assises des Landes;5 AVENUE DU 8 MAI 1945;;40000;MONT DE MARSAN;;-0.474412;43.90137;0558854185;
CCD;40192;9;67427;Cour Criminelle Départementale des Landes;5 AVENUE DU 8 MAI 1945;;40000;MONT DE MARSAN;;-0.474412;43.90137;05 58 85 41 85;
CDAD;40192;9;59007;Conseil départemental d'accès au droit des Landes;249 AVENUE DU COLONEL ROZANOFF;;40000;MONT DE MARSAN;;-0.502707;43.895456;0524280356;contact@cdad40.fr
CPH;40192;1;1045;Conseil de Prud'hommes de Mont-de-Marsan;249 AVENUE DU COLONEL ROZANOFF;;40000;MONT DE MARSAN;;-0.502707;43.895456;0558513880;cph-mont-de-marsan@justice.fr
TBRTJ;40192;9;63698;Tribunal Paritaire des Baux Ruraux de Mont-de-Marsan;3 AVENUE DUFAU;;40000;MONT DE MARSAN;;-0.494963;43.893685;0558857575;
TCO;40192;1;328;Tribunal de Commerce de Mont-de-Marsan;7 PLACE PLANTE;;40000;MONT DE MARSAN;;-0.502707;43.895456;0558466070;gtc-mdm@greffe-tc.net
TE;40088;9;20273;Tribunal pour Enfants de Dax;RUE DES FUSILLES;;40100;DAX;;-1.051515;43.709743;0524263400;
TGI;40088;1;107;Tribunal judiciaire de Dax;RUE DES FUSILLES;;40100;DAX;;-1.051515;43.709743;0524263400;tj-dax@justice.fr
CPH;40088;1;1044;Conseil de Prud'hommes de Dax;55 AVENUE VICTOR HUGO;;40100;DAX;;-1.052582;43.702722;0524263400;cph-dax@justice.fr
TBRTJ;40088;9;63696;Tribunal Paritaire des Baux Ruraux de Dax;RUE DES FUSILLES;;40100;DAX;;-1.051515;43.709743;0524263400;
TCO;40088;1;327;Tribunal de Commerce de Dax;55 AVENUE VICTOR HUGO;;40100;DAX;;-1.052582;43.702722;0558900684;
TGI;41018;1;109;Tribunal judiciaire de Blois;1 PLACE DE LA REPUBLIQUE;;41000;BLOIS;;1.333458;47.589721;02 45 35 26 00;accueil-blois@justice.fr
TE;41018;1;2589;Tribunal pour Enfants de Blois;PLACE DE LA REPUBLIQUE;;41000;BLOIS;;1.334989;47.590014;0254446099;tpe.blois@justice.fr
CASS;41018;9;2208;Cour d'Assises du Loir-et-Cher;PLACE DE LA REPUBLIQUE;;41000;BLOIS;;1.334989;47.590014;0254446099;
CCD;41018;9;67428;Cour Criminelle Départementale du Loir-et-Cher;PLACE DE LA REPUBLIQUE;;41000;BLOIS;;1.334989;47.590014;02 54 44 60 99;
CDAD;41018;9;58963;Conseil départemental d'accès au droit du Loir et Cher;1 PLACE DE LA REPUBLIQUE;;41000;BLOIS;;1.333458;47.589721;0234891300;contact.cdad41@gmail.com
CPH;41018;1;1046;Conseil de Prud'hommes de Blois;15 RUE DU PERE BROTTIER;;41000;BLOIS;;1.336147;47.589568;0245352613;cph-blois@justice.fr
TBRTJ;41018;9;63578;Tribunal Paritaire des Baux Ruraux de Blois;15 RUE DU PERE BROTTIER;;41000;BLOIS;;1.336147;47.589568;0254562600;
TCO;41018;1;329;Tribunal de Commerce de Blois;15 RUE DU PERE BROTTIER;;41000;BLOIS;;1.336147;47.589568;0254780791;
TE;42218;1;2610;Tribunal pour Enfants de Saint-Etienne;PLACE DU PALAIS DE JUSTICE;;42000;ST ETIENNE;;4.384365;45.437455;0477433430;
TGI;42218;1;112;Tribunal judiciaire de Saint-Etienne;PLACE DU PALAIS DE JUSTICE;;42000;ST ETIENNE;;4.384365;45.437455;0477433300;accueil-saint-etienne@justice.fr
CASS;42218;9;2207;Cour d'Assises de la Loire;PLACE DU PALAIS DE JUSTICE;;42000;ST ETIENNE;;4.384365;45.437455;0477433300;
CCD;42218;9;67429;Cour Criminelle Départementale de la Loire;PLACE DU PALAIS DE JUSTICE;;42000;ST ETIENNE;;4.384365;45.437455;04 77 43 33 00;
CDAD;42218;9;59031;Conseil départemental d'accès au droit de la Loire;PLACE DU PALAIS DE JUSTICE;;42000;ST ETIENNE;;4.384365;45.437455;0477336146;Cdad.loire@wanadoo.fr
CPH;42218;1;1053;Conseil de Prud'hommes de Saint-Etienne;2 RUE JACQUES DESGEORGES;;42000;ST ETIENNE;;4.383638;45.43896;0477435383;cph-st-etienne@justice.fr
TBRTJ;42218;9;63742;Tribunal Paritaire des Baux Ruraux de Saint-Etienne;PLACE DU PALAIS DE JUSTICE;;42000;ST ETIENNE;;4.384365;45.437455;0477432261;
TCO;42218;1;332;Tribunal de Commerce de Saint-Etienne;36 RUE DE LA RESISTANCE;;42000;ST ETIENNE;;4.386428;45.437177;0477439797;
TBRTJ;70310;9;63460;Tribunal Paritaire des Baux Ruraux de Lure;60 AVENUE DE LA REPUBLIQUE;;42260;LURE;;6.494523;47.686396;0384302241;
TE;42187;1;2602;Tribunal pour Enfants de Roanne;5 BIS PLACE GEORGES CLEMENCEAU;;42300;ROANNE;;4.072677;46.040012;0477444800;
TGI;42187;1;111;Tribunal judiciaire de Roanne;5 BIS PLACE GEORGES CLEMENCEAU;;42300;ROANNE;;4.072677;46.040012;0477444800;accueil-roanne@justice.fr
CPH;42187;1;1051;Conseil de Prud'hommes de Roanne;PLACE GEORGES CLEMENCEAU;;42300;ROANNE;;4.072677;46.040012;0477444838;cph-roanne@justice.fr
TBRTJ;42187;9;63740;Tribunal Paritaire des Baux Ruraux de Roanne;5 PLACE GEORGES CLEMENCEAU;;42300;ROANNE;;4.072891;46.03988;0477444824;
TCO;42187;1;331;Tribunal de Commerce de Roanne;PLACE GEORGES CLEMENCEAU;;42300;ROANNE;;4.072677;46.040012;0477720622;contact@greffe-tc-roanne.fr
CPH;42147;1;1049;Conseil de Prud'hommes de Montbrison;13 RUE DU PALAIS DE JUSTICE;;42600;MONTBRISON;;4.065375;45.609654;0477966666;cph-montbrison@justice.fr
TBRTJ;42147;9;63738;Tribunal Paritaire des Baux Ruraux de Montbrison;13 RUE DU PALAIS DE JUSTICE;;42600;MONTBRISON;;4.065375;45.609654;0477966666;
TPRX;42147;9;63031;Tribunal de proximité de Montbrison;13 RUE DU PALAIS DE JUSTICE;;42600;MONTBRISON;;4.065375;45.609654;0477966666;accueil.tprx-montbrison@justice.fr
TE;43157;1;2619;Tribunal pour Enfants du Puy-en-Velay;PLACE DU BREUIL;;43000;LE PUY EN VELAY;;3.883805;45.041465;0471090570;
TGI;43157;1;113;Tribunal judiciaire du Puy-en-Velay;PLACE DU BREUIL;;43000;LE PUY EN VELAY;;3.883805;45.041465;0471090570;accueil.tj-le-puy-en-velay@justice.fr
CASS;43157;9;2206;Cour d'Assises de la Haute-Loire;PLACE DU BREUIL;;43000;LE PUY EN VELAY;;3.883805;45.041465;0471090570;
CCD;43157;9;67413;Cour Criminelle Départementale de la Haute-Loire;PLACE DU BREUIL;;43000;LE PUY EN VELAY;;3.883805;45.041465;04 71 09 05 70;
CDAD;43157;9;58997;Conseil départemental d'accès au droit de HauteLoire;PLACE DUBREUIL;;43000;LE PUY EN VELAY;;3.885662;45.04078;0471090570;cdad-haute-loire@justice.fr
CPH;43157;1;1054;Conseil de Prud'hommes du Puy-en-Velay;4 RUE RICHOND DES BRUS;;43000;LE PUY EN VELAY;;3.884629;45.037432;0471095078;cph-le-puy-en-velay@justice.fr
TBRTJ;43157;9;63688;Tribunal Paritaire des Baux Ruraux du Puy-en-Velay;6 PLACE DU CLAUZEL;;43000;LE PUY EN VELAY;;3.883573;45.043736;0463207000;
TCO;43157;1;334;Tribunal de Commerce du Puy-en-Vélay;4 AVENUE DE LA DENTELLE;;43000;LE PUY EN VELAY;;3.888578;45.041596;0471090078;
TGI;44109;1;114;Tribunal judiciaire de Nantes;19 QUAI FRANCOIS MITTERRAND;;44000;NANTES;;-1.561835;47.208274;0251179500;tj-nantes@justice.fr
TE;44109;1;2628;Tribunal pour Enfants de Nantes;QUAI FRANCOIS MITTERRAND;;44000;NANTES;;-1.560583;47.208168;0251179674/5;
CAA;44109;9;6165;Cour Administrative d'Appel de Nantes;2 PLACE DE L'EDIT DE NANTES;;44000;NANTES;;-1.56767;47.214665;0251847777; greffe.caa-nantes@juradm.fr
CASS;44109;9;2203;Cour d'Assises de la Loire-Atlantique;QUAI FRANCOIS MITTERRAND;;44000;NANTES;;-1.560583;47.208168;0251179500;
CCD;44109;9;64180;Cour Criminelle Départementale de la Loire-Atlantique;19 QUAI FRANCOIS MITTERRAND;;44000;NANTES;;-1.561835;47.208274;0251179500;
CDAD;44109;9;59013;Conseil départemental d'accès au droit de Loire Atlantique;QUAI FRANCOIS MITTERRAND;;44000;NANTES;;-1.560583;47.208168;0251179695;cdad-loire-atlantique@justice.fr
CPH;44109;1;1055;Conseil de Prud'hommes de Nantes;26 BOULEVARD VINCENT GACHE;;44000;NANTES;;-1.546866;47.206196;0240206130;cph-nantes@justice.fr
TA;44109;9;3927;Tribunal Administratif de Nantes;6 ALLEE DE L'ILE GLORIETTE;;44000;NANTES;;-1.557744;47.211003;0240994600;greffe.ta-nantes@juradm.fr
TBRTJ;44109;9;63553;Tribunal Paritaire des Baux Ruraux de Nantes;QUAI FRANCOIS MITTERRAND;;44000;NANTES;;-1.560583;47.208168;0251179500;
TCO;44109;1;335;Tribunal de Commerce de Nantes;QUAI FRANCOIS MITTERRAND;;44000;NANTES;;-1.560583;47.208168;0240206440;gtcjudiciaire@tc-nantes.fr
TE;45234;1;2647;Tribunal pour Enfants d'Orléans;44 RUE DE LA BRETONNERIE;;45000;ORLEANS;;1.905647;47.904747;0238745834;
TGI;45234;1;117;Tribunal judiciaire d'Orléans;44 RUE DE LA BRETONNERIE;;45000;ORLEANS;;1.905647;47.904747;0238745834;tj-orleans@justice.fr
CA;45234;1;13;Cour d'Appel d'Orléans;44 RUE DE LA BRETONNERIE;;45000;ORLEANS;;1.905647;47.904747;0238745820;
CASS;45234;1;1953;Cour d'Assises du Loiret;44 RUE DE LA BRETONNERIE;;45000;ORLEANS;;1.905647;47.904747;0238745820;
CCD;45234;9;67430;Cour Criminelle Départementale du Loiret;44 RUE DE LA BRETONNERIE;;45000;ORLEANS;;1.905647;47.904747;02 38 74 58 20;
CDAD;45234;9;59018;Conseil départemental d'accès au droit du Loiret;7 RUE DES HUGUENOTS;;45000;ORLEANS;;1.907217;47.905042;0238690122;cdad-loiret@justice.fr
CPH;45234;1;1058;Conseil de Prud'hommes d'Orléans;44 RUE DE LA BRETONNERIE;;45000;ORLEANS;;1.905647;47.904747;0238745892;cph-orleans@justice.fr
TA;45234;9;3928;Tribunal Administratif d'Orléans;28 RUE DE LA BRETONNERIE;;45000;ORLEANS;;1.90712;47.904492;0238775900;greffe.ta-orleans@juradm.fr
TBRTJ;45234;9;63582;Tribunal Paritaire des Baux Ruraux d'Orléans;44 RUE DE LA BRETONNERIE;;45000;ORLEANS;;1.905647;47.904747;0238745834;
TCO;45234;1;338;Tribunal de Commerce d'Orléans;44 RUE DE LA BRETONNERIE;;45000;ORLEANS;;1.905647;47.904747;0238780707;
TE;45208;9;20277;Tribunal pour Enfants de Montargis;84 RUE DU GENERAL LECLERC;;45200;MONTARGIS;;2.730099;47.998876;0238875900;
TGI;45208;1;116;Tribunal judiciaire de Montargis;84 RUE DU GENERAL LECLERC;;45200;MONTARGIS;;2.730099;47.998876;0238875900;tj-montargis@justice.fr
CPH;45208;1;1057;Conseil de Prud'hommes de Montargis;84 RUE DU GENERAL LECLERC;;45200;MONTARGIS;;2.730099;47.998876;0238875900;cph-montargis@justice.fr
TBRTJ;45208;9;63580;Tribunal Paritaire des Baux Ruraux de Montargis;84 RUE DU GENERAL LECLERC;;45200;MONTARGIS;;2.730099;47.998876;0238852442;
TE;46042;1;2656;Tribunal pour Enfants de Cahors;BOULEVARD LEON GAMBETTA;;46000;CAHORS;;1.440609;44.446907;0565234650;
TGI;46042;1;118;Tribunal judiciaire de Cahors;BOULEVARD LEON GAMBETTA;;46000;CAHORS;;1.440609;44.446907;0565234650;accueil.tj-cahors@justice.fr
CASS;46042;9;3135;Cour d'Assises du Lot;BOULEVARD LEON GAMBETTA;;46000;CAHORS;;1.440609;44.446907;0565234650;
CCD;46042;9;67431;Cour Criminelle Départementale du Lot;BOULEVARD LEON GAMBETTA;;46000;CAHORS;;1.440609;44.446907;05 65 23 46 50;
CDAD;46042;9;58969;Conseil départemental d'accès au droit du Lot;BOULEVARD LEON GAMBETTA;;46000;CAHORS;;1.441871;44.443966;0565234650;cdad-lot@justice.fr
CPH;46042;1;1059;Conseil de Prud'hommes de Cahors;BD GAMBETTA;;46000;CAHORS;;1.439266;44.441601;0565226270;cph-cahors@justice.fr
TBRTJ;46042;9;63588;Tribunal Paritaire des Baux Ruraux de Cahors;BOULEVARD LEON GAMBETTA;;46000;CAHORS;;1.440609;44.446907;0565234670;
TCO;46042;1;339;Tribunal de Commerce de Cahors;BOULEVARD LEON GAMBETTA;;46000;CAHORS;;1.440609;44.446907;0565226223;
TBRTJ;46102;9;63590;Tribunal Paritaire des Baux Ruraux de Figeac;1 BOULEVARD JUSKIEWENSKI;;46100;FIGEAC;;2.031001;44.60763;0565500320;
TPRX;46102;9;62997;Tribunal de proximité de Figeac;1 BOULEVARD JUSKIEWENSKI;;46100;FIGEAC;;2.031001;44.60763;0581222060;accueil-figeac@justice.fr
TGI;47001;1;119;Tribunal judiciaire d'Agen;AVENUE DE LATTRE DE TASSIGNY;;47000;AGEN;;0.616566;44.199514;0553779500;tj-agen@justice.fr
TE;47001;1;2663;Tribunal pour Enfants d'Agen;PLACE ARMAND FALLIERES;;47000;AGEN;;0.61667;44.200114;0553779500;
CA;47001;1;14;Cour d'Appel d'Agen;PLACE ARMAND FALLIERES;;47000;AGEN;;0.61667;44.200114;0553779500;
CASS;47001;1;1958;Cour d'Assises du Lot-et-Garonne;PLACE ARMAND FALLIERES;;47000;AGEN;;0.61667;44.200114;0553779500;
CCD;47001;9;67432;Cour Criminelle Départementale du Lot-et-Garonne;PLACE ARMAND FALLIERES;;47000;AGEN;;0.61667;44.200114;05 53 77 95 00;
CDAD;47001;9;58944;Conseil départemental d'accès au droit du Lot-et-Garonne;PLACE ARMAND FALLIERES;;47000;AGEN;;0.61667;44.200114;0613915667;cdad-lot-et-garonne@justice.fr
CPH;47001;1;1061;Conseil de Prud'hommes d'Agen;12 A RUE DIDEROT;;47000;AGEN;;0.618299;44.200581;0553779500;cph-agen@justice.fr
TBRTJ;47001;9;63592;Tribunal Paritaire des Baux Ruraux d'Agen;14B RUE DIDEROT;;47000;AGEN;;0.618878;44.200922;0553770790;
TCO;47001;1;340;Tribunal de Commerce d'Agen;6 RUE LOMET;;47000;AGEN;;0.613077;44.202192;0553773415;
CPH;47157;1;1062;Conseil de Prud'hommes de Marmande;1 PLACE DES DROITS DE L'HOMME;;47200;MARMANDE;;0.163112;44.500483;0540405120;cph-marmande@justice.fr
TBRTJ;47157;9;63594;Tribunal Paritaire des Baux Ruraux de Marmande;1 PLACE DES DROITS DE L'HOMME;;47200;MARMANDE;;0.163112;44.500483;0553203932;
TPRX;47157;9;63022;Tribunal de proximité de Marmande;1 PLACE DES DROITS DE L'HOMME;;47200;MARMANDE;;0.163112;44.500483;0540405100;accueil.tprx-marmande@justice.fr
TBRTJ;47323;9;63596;Tribunal Paritaire des Baux Ruraux de Villeneuve-sur-Lot;6 RUE DU GENERAL LAFON DE BLANIAC;;47300;VILLENEUVE SUR LOT;;0.705491;44.407609;0553496400;
TPRX;47323;9;63076;Tribunal de proximité de Villeneuve-sur-Lot;6 RUE DU GENERAL LAFON DE BLANIAC;;47300;VILLENEUVE SUR LOT;;0.705491;44.407609;0540405130;tprx-villeneuve-sur-lot@justice.fr
TE;48095;1;2678;Tribunal pour Enfants de Mende;BOULEVARD HENRI BOURRILLON;;48000;MENDE;;3.497604;44.516558;0466652811;
TGI;48095;1;121;Tribunal judiciaire de Mende;BOULEVARD HENRI BOURRILLON;;48000;MENDE;;3.497604;44.516558;0466652811;tj-mende@justice.fr
CASS;48095;9;3137;Cour d'Assises de la Lozère;BOULEVARD HENRI BOURRILLON;;48000;MENDE;;3.497604;44.516558;0466652811;
CCD;48095;9;67433;Cour Criminelle Départementale de la Lozère;BOULEVARD HENRI BOURILLON;;48000;MENDE;;3.497604;44.516558;04 66 65 28 11;
CDAD;48095;9;59977;Conseil départemental d'accès au droit de Lozère;BOULEVARD HENRI BOURRILLON;;48000;MENDE;;3.497604;44.516558;;cdad-lozere@justice.fr
CPH;48095;1;1063;Conseil de Prud'hommes de Mende;BOULEVARD HENRI BOURRILLON;;48000;MENDE;;3.497604;44.516558;0466652811;cph-mende@justice.fr
TBRTJ;48095;9;63474;Tribunal Paritaire des Baux Ruraux de Mende;BOULEVARD HENRI BOURRILLON;;48000;MENDE;;3.497604;44.516558;0466493636;
TCO;48095;9;37487;Tribunal de commerce de Mende;BOULEVARD HENRI BOURRILLON;;48000;MENDE;;3.497604;44.516558;0466484141;rcs@greffe-tc-mende.fr
TE;49007;1;2685;Tribunal pour Enfants d'Angers;RUE WALDECK ROUSSEAU;;49000;ANGERS;;-0.544266;47.471103;0241205100;
TGI;49007;1;122;Tribunal judiciaire d'Angers;RUE WALDECK ROUSSEAU;;49000;ANGERS;;-0.544266;47.471103;0241205100;accueil-angers@justice.fr
CA;49007;1;15;Cour d'Appel d'Angers;RUE WALDECK ROUSSEAU;;49000;ANGERS;;-0.544266;47.471103;0241205100;ca-angers@justice.fr
CASS;49007;1;1963;Cour d'Assises du Maine-et-Loire;RUE WALDECK ROUSSEAU;;49000;ANGERS;;-0.544266;47.471103;0241205100;
CCD;49007;9;67434;Cour Criminelle Départementale du Maine-et-Loire;RUE WALDECK ROUSSEAU;;49000;ANGERS;;-0.544266;47.471103;02 41 20 51 00;
CDAD;49007;9;58950;Conseil départemental d'accès au droit du Maine et Loire;RUE WALDECK ROUSSEAU;;49000;ANGERS;;-0.544266;47.471103;0241205259;cdadmaineetloire@gmail.com
TBRTJ;49007;9;63598;Tribunal Paritaire des Baux Ruraux d'Angers;39 BOULEVARD PIERRE DE COUBERTIN;;49000;ANGERS;;-0.531945;47.462502;0241205227;
CPH;49007;1;1064;Conseil de Prud'hommes d'Angers;18 RUE PREBAUDELLE;;49100;ANGERS;;-0.544437;47.467535;0241311860;cph-angers@justice.fr
TCO;49007;1;344;Tribunal de Commerce d'Angers;19 RUE RENE ROUCHY;;49100;ANGERS;;-0.546849;47.479295;0241878930;
TBRTJ;49099;9;63600;Tribunal Paritaire des Baux Ruraux de Cholet;RUE FRANCOIS THARREAU;;49300;CHOLET;;-0.88158;47.059554;0241650662;
TPRX;49099;9;62982;Tribunal de proximité de Cholet;RUE FRANCOIS THARREAU;;49300;CHOLET;;-0.88158;47.059554;0252093030;accueil-cholet@justice.fr
TGI;49328;9;48312;Tribunal judiciaire de Saumur;PLACE SAINT-MICHEL;;49400;SAUMUR;;-0.071841;47.258094;0241834747;tj-saumur@justice.fr
CPH;49328;1;1066;Conseil de Prud'hommes de Saumur;PLACE SAINT-MICHEL;;49400;SAUMUR;;-0.071841;47.258094;0241834720;cph-saumur@justice.fr
TBRTJ;49328;9;63602;Tribunal Paritaire des Baux Ruraux de Saumur;PLACE SAINT-MICHEL;;49400;SAUMUR;;-0.071841;47.258094;0241834720;
TE;50129;1;2702;Tribunal pour Enfants de Cherbourg-en-Cotentin;15 RUE DES TRIBUNAUX;CHERBOURG;50100;CHERBOURG EN COTENTIN;;-1.623579;49.637882;0233016161;
TGI;50129;1;125;Tribunal judiciaire de Cherbourg-en-Cotentin;15 RUE DES TRIBUNAUX;CHERBOURG;50100;CHERBOURG EN COTENTIN;;-1.623579;49.637882;0233016161;accueil.tj-cherbourg@justice.fr
CPH;50129;1;1068;Conseil de Prud'hommes de Cherbourg-en-Cotentin;38 RUE FRANCOIS LA VIEILLE;CHERBOURG;50100;CHERBOURG EN COTENTIN;;-1.625285;49.641481;0233781530;cph-cherbourg@justice.fr
TBRTJ;50129;9;63410;Tribunal Paritaire des Baux Ruraux de Cherbourg-en-Cotentin;38 RUE FRANCOIS LA VIEILLE;CHERBOURG;50100;CHERBOURG EN COTENTIN;;-1.625285;49.641481;0233781530;
TCO;50129;1;346;Tribunal de Commerce de Cherbourg-en-Cotentin;22 RUE DE L'ANCIEN QUAI;CHERBOURG;50100;CHERBOURG EN COTENTIN;;-1.624387;49.637366;0233932460;
TGI;50147;1;126;Tribunal judiciaire de Coutances;10A RUE DU PALAIS DE JUSTICE;;50200;COUTANCES;;-1.442694;49.04908;0233766820;accueil.tj-coutances@justice.fr
TE;50147;1;2711;Tribunal pour Enfants de Coutances;RUE DU PALAIS DE JUSTICE;;50200;COUTANCES;;-1.442745;49.050071;0233766823;
CASS;50147;9;3138;Cour d'Assises de la Manche;RUE DU PALAIS DE JUSTICE;;50200;COUTANCES;;-1.442745;49.050071;0233766820;
CCD;50147;9;67435;Cour Criminelle Départementale de la Manche;RUE DU PALAIS DE JUSTICE;;50200;COUTANCES;;-1.442745;49.050071;02 33 76 68 20;
CDAD;50147;9;58980;Conseil départemental d'accès au droit de la Manche;10A RUE DU PALAIS DE JUSTICE;;50200;COUTANCES;;-1.442645;49.049281;02.33.76.89.98;cdad-manche@justice.fr
CPH;50147;1;1069;Conseil de Prud'hommes de Coutances;Site Tancrède, 38 rue Tancrède;;50200;COUTANCES;;-1.44427;49.048826;0233190710;cph-coutances@justice.fr
TBRTJ;50147;9;63412;Tribunal Paritaire des Baux Ruraux de Coutances;38 RUE TANCREDE;;50200;COUTANCES;;-1.44428;49.04882;0233766843;
TCO;50147;1;347;Tribunal de Commerce de Coutances;67 RUE SAINT NICOLAS;;50200;COUTANCES;;-1.443593;49.051008;0233194211;
CPH;50025;1;1067;Conseil de Prud'hommes d'Avranches;PLACE JEAN DE SAINT-AVIT;;50300;AVRANCHES;;-1.363527;48.687594;0214138102;cph-avranches@justice.fr
TBRTJ;50025;9;63408;Tribunal Paritaire des Baux Ruraux d'Avranches;PLACE JEAN DE SAINT-AVIT;;50300;AVRANCHES;;-1.363527;48.687594;0214138102;
TPRX;50025;9;62968;Tribunal de proximité d'Avranches;PLACE JEAN DE SAINT-AVIT;;50300;AVRANCHES;;-1.363527;48.687594;0214138102;tprx-avranches@justice.fr
TE;51108;9;20271;Tribunal pour Enfants de Châlons-en-Champagne;16 RUE DE TOUSSAINT;;51000;CHALONS EN CHAMPAGNE;;4.359315;48.958983;0326661042;
TGI;51108;1;127;Tribunal judiciaire de Châlons-en-Champagne;2 QUAI EUGENE PERRIER;;51000;CHALONS EN CHAMPAGNE;;4.361805;48.958829;0326692727;tj-chalons-en-champagne@justice.fr
CDAD;51108;9;58972;Conseil départemental d'accès au droit de la Marne;2 QUAI EUGENE PERRIER;;51000;CHALONS EN CHAMPAGNE;;4.361805;48.958829;0326693696;cdad-marne@justice.fr
CPH;51108;1;1070;Conseil de Prud'hommes de Châlons-en-Champagne;RUE PERROT D'ABLANCOURT;;51000;CHALONS EN CHAMPAGNE;;4.361766;48.958811;0326650070;cph-chalons-en-champagne@justice.fr
TA;51108;9;3933;Tribunal Administratif de Châlons-en-Champagne;25 RUE DU LYCEE;;51000;CHALONS EN CHAMPAGNE;;4.362467;48.959322;0326668687;greffe.ta-chalons-en-champagne@juradm.fr
TBRTJ;51108;9;63616;Tribunal Paritaire des Baux Ruraux de Châlons-en-Champagne;2 RUE PERROT D'ABLANCOURT;;51000;CHALONS EN CHAMPAGNE;;4.362336;48.958673;0326692735;
TCO;51108;1;350;Tribunal de Commerce de Châlons-en-Champagne;2 RUE PERROT D'ABLANCOURT;;51000;CHALONS EN CHAMPAGNE;;4.362336;48.958673;0326684860;
TE;51454;1;2723;Tribunal pour Enfants de Reims;PLACE MYRON HERRICK;;51100;REIMS;;4.031474;49.254557;0326495353;
TGI;51454;1;128;Tribunal judiciaire de Reims;PLACE MYRON HERRICK;;51100;REIMS;;4.031474;49.254557;0326495353;accueil-reims@justice.fr
CA;51454;1;16;Cour d'Appel de Reims;201 RUE DES CAPUCINS;;51100;REIMS;;4.036507;49.245336;0326774000;
CASS;51454;1;1968;Cour d'Assises de la Marne;201 RUE DES CAPUCINS;;51100;REIMS;;4.036507;49.245336;0326774000;
CCD;51454;9;67436;Cour Criminelle Départementale de la Marne;201 RUE DES CAPUCINS;;51100;REIMS;;4.036507;49.245336;03 26 77 40 00;
CPH;51454;1;1072;Conseil de Prud'hommes de Reims;25 RUE CHANZY;;51100;REIMS;;4.031951;49.252441;0326495395;cph-reims@justice.fr
TBRTJ;51454;9;63618;Tribunal Paritaire des Baux Ruraux de Reims;1 PLACE MYRON HERRICK;;51100;REIMS;;4.031636;49.254432;0326495353;
TCO;51454;1;352;Tribunal de Commerce de Reims;55 RUE THIERS;;51100;REIMS;;4.027209;49.258149;0326883066;
CPH;51230;1;1071;Conseil de Prud'hommes d'Epernay;1 AVENUE DE MIDDELKERKE;;51200;EPERNAY;;3.969299;49.03672;0326546176;cph-epernay@justice.fr
TE;52121;1;2732;Tribunal pour Enfants de Chaumont;RUE DU PALAIS;;52000;CHAUMONT;;5.137418;48.112457;0325328420;
TGI;52121;1;129;Tribunal judiciaire de Chaumont;RUE DU PALAIS;;52000;CHAUMONT;;5.137418;48.112457;0325328420;tj1-chaumont@justice.fr
CASS;52121;9;346;Cour d'Assises de la Haute-Marne;RUE DU PALAIS;;52000;CHAUMONT;;5.137418;48.112457;0325328420;
CCD;52121;9;67414;Cour Criminelle Départementale de la Haute-Marne;RUE DU PALAIS;;52000;CHAUMONT;;5.137418;48.112457;03 25 32 84 20;
CDAD;52121;9;58977;Conseil départemental d'accès au droit de la Haute-Marne;23 RUE DU PALAIS;;52000;CHAUMONT;;5.136495;48.112855;0325328420;cdad-haute-marne@justice.fr
CPH;52121;1;1073;Conseil de Prud'hommes de Chaumont;RUE DU PALAIS;;52000;CHAUMONT;;5.137418;48.112457;0325031200;cph-chaumont@justice.fr
TBRTJ;52121;9;63437;Tribunal Paritaire des Baux Ruraux de Chaumont;RUE DU PALAIS;;52000;CHAUMONT;;5.137418;48.112457;0325353434;
TCO;52121;1;353;Tribunal de Commerce de Chaumont;6 rue Raymond Savignac;;52000;CHAUMONT;;5.143297;48.096026;0891011111;
TBRTJ;52448;9;63439;Tribunal Paritaire des Baux Ruraux de Saint-Dizier;12 RUE DE LA COMMUNE DE PARIS;;52100;ST DIZIER;;4.947793;48.635964;0325051046;
TPRX;52448;9;62993;Tribunal de proximité de Saint-Dizier;12 RUE DE LA COMMUNE DE PARIS;;52100;ST DIZIER;;4.947793;48.635964;0325051046;tprx-st-dizier@justice.fr
TE;53130;1;2741;Tribunal pour Enfants de Laval;13 PLACE SAINT TUGAL;;53000;LAVAL;;-0.773671;48.069416;0243495700;
TGI;53130;1;130;Tribunal judiciaire de Laval;13 PLACE SAINT TUGAL;;53000;LAVAL;;-0.773671;48.069416;0272955100;accueil-laval@justice.fr
CASS;53130;9;1011;Cour d'Assises de la Mayenne;PLACE SAINT TUGAL;;53000;LAVAL;;-0.773426;48.069218;0243495700;
CCD;53130;9;67438;Cour Criminelle Départementale de la Mayenne;PLACE SAINT-TUGAL;;53000;LAVAL;;-0.773426;48.069218;02 43 49 57 00;
CDAD;53130;9;58995;Conseil départemental d'accès au droit de Mayenne;13 PLACE SAINT TUGAL;;53000;LAVAL;;-0.773671;48.069416;0243495700;cdad-mayenne@justice.fr
CPH;53130;1;1075;Conseil de Prud'hommes de Laval;12 ALLEE DE LA CHARTRIE;;53000;LAVAL;;-0.795585;48.071414;0243692486;cph-laval@justice.fr
TBRTJ;53130;9;63604;Tribunal Paritaire des Baux Ruraux de Laval;13 PLACE SAINT TUGAL;;53000;LAVAL;;-0.773671;48.069416;0243597910;
TCO;53130;1;356;Tribunal de Commerce de Laval;12 ALLEE DE LA CHARTRIE;;53000;LAVAL;;-0.795585;48.071414;0243693501;
TE;54395;1;2755;Tribunal pour Enfants de Nancy;RUE DU GENERAL FABVIER;;54000;NANCY;;6.17567;48.677711;0383908500;
TGI;54395;1;132;Tribunal judiciaire de Nancy;RUE DU GENERAL FABVIER;;54000;NANCY;;6.17567;48.677711;0383908500;tj-nancy@justice.fr
CA;54395;1;17;Cour d'Appel de Nancy;3 RUE SUZANNE REGNAULT-GOUSSET;;54000;NANCY;;6.183152;48.694744;0383172400;
CAA;54395;9;6164;Cour Administrative d'Appel de Nancy;6 RUE DU HAUT BOURGEOIS;;54000;NANCY;;6.177322;48.698172;0383350506; greffe.caa-nancy@juradm.fr
CASS;54395;1;1973;Cour d'Assises de la Meurthe-et-Moselle;3 RUE SUZANNE REGNAULT-GOUSSET;;54000;NANCY;;6.183152;48.694744;0383172400;
CCD;54395;9;67439;Cour Criminelle Départementale de la Meurthe-et-Moselle;3 RUE SUZANNE REGNAULT-GOUSSET;;54000;NANCY;;6.183152;48.694744;03 83 17 24 00;
CDAD;54395;9;59011;Conseil départemental d'accès au droit de Meurthe et Moselle;RUE DU GENERAL FABVIER;;54000;NANCY;;6.17567;48.677711;0383284343;cdad-meurthemoselle@justice.fr
CPH;54395;1;1079;Conseil de Prud'hommes de Nancy;RUE DU GENERAL FABVIER;;54000;NANCY;;6.17567;48.677711;0354953084;cph-nancy@justice.fr
TA;54395;9;3935;Tribunal Administratif de Nancy;5 PLACE DE LA CARRIERE;;54000;NANCY;;6.182104;48.694642;0383174343;greffe.ta-nancy@juradm.fr
TAE;54395;9;79913;Tribunal des activités économiques de Nancy;RUE DU MARECHAL JUIN;;54000;NANCY;;6.172137;48.678935;0383406960;
TBRTJ;54395;9;63624;Tribunal Paritaire des Baux Ruraux de Nancy;RUE DU GENERAL FABVIER;;54000;NANCY;;6.175699;48.677788;0383908560;
TE;54099;1;2748;Tribunal pour Enfants de Val de Briey;4 RUE DU MARECHAL FOCH;BRIEY;54150;VAL DE BRIEY;;5.939175;49.249274;0382475600;
TGI;54099;1;131;Tribunal judiciaire de Val de Briey;4 RUE DU MARECHAL FOCH;BRIEY;54150;VAL DE BRIEY;;5.939175;49.249274;0382475600;accueil-briey@justice.fr
TBRTJ;54099;9;63620;Tribunal Paritaire des Baux Ruraux de Val de Briey;PLACE DE L'EGLISE;BRIEY;54150;VAL DE BRIEY;;5.88919;49.282216;0382475600;
TCO;54099;1;358;Tribunal de Commerce de Val de Briey;4 RUE DU MARECHAL FOCH;BRIEY;54150;VAL DE BRIEY;;5.939175;49.249274;0382461504;
TBRTJ;54329;9;63622;Tribunal Paritaire des Baux Ruraux de Lunéville;7 RUE DU CHATEAU;;54300;LUNEVILLE;;6.49179;48.593667;0383740427;
TPRX;54329;9;63018;Tribunal de proximité de Lunéville;7 RUE DU CHATEAU;;54300;LUNEVILLE;;6.49179;48.593667;0383740427;tprx-luneville@justice.fr
CPH;54323;1;1077;Conseil de Prud'hommes de Longwy;16/18 RUE DU COLONEL MERLIN;;54400;LONGWY;;5.770001;49.516162;0382242927;accueil.cph-longwy@justice.fr
TGI;55029;1;133;Tribunal judiciaire de Bar-le-Duc;21-25 PLACE SAINT-PIERRE;;55000;BAR LE DUC;;5.159074;48.768787;0329790295;tj-bar-le-duc@justice.fr
CASS;55029;9;593;Cour d'Assises de la Meuse;21 PLACE SAINT-PIERRE;;55000;BAR LE DUC;;5.159074;48.768787;0329790295;
CCD;55029;9;67440;Cour Criminelle Départementale de la Meuse;21 PLACE SAINT-PIERRE;;55000;BAR LE DUC;;5.159074;48.768787;03 29 79 02 95;
CDAD;55029;9;58957;Conseil départemental d'accès au droit de la Meuse;21 PLACE SAINT-PIERRE;;55000;BAR LE DUC;;5.159074;48.768787;0329790295;cdad-meuse@justice.fr
CPH;55029;1;1080;Conseil de Prud'hommes de Bar-le-Duc;29 PLACE SAINT-PIERRE;;55000;BAR LE DUC;;5.159077;48.768353;0329761309;cph-bar-le-duc@justice.fr
TBRTJ;55029;9;63626;Tribunal Paritaire des Baux Ruraux de Bar-le-Duc;27 PLACE SAINT-PIERRE;;55000;BAR LE DUC;;5.15907;48.768422;0329791391;
TCO;55029;1;360;Tribunal de Commerce de Bar-le-Duc;5 RUE FRANCOIS DE GUISE;;55000;BAR LE DUC;;5.157498;48.771371;0329790939;
TGI;55545;1;134;Tribunal judiciaire de Verdun;PLACE SAINT PAUL;;55100;VERDUN;;5.384103;46.164374;0329861405;
CPH;55545;1;1081;Conseil de Prud'hommes de Verdun;21 RUE DE LA PAIX;;55100;VERDUN;;1.439251;43.60587;0329861384;cph-verdun@justice.fr
TE;56260;1;2785;Tribunal pour Enfants de Vannes;22 PLACE DE LA REPUBLIQUE;;56000;VANNES;;-2.761476;47.656126;0297437709;
TGI;56260;1;136;Tribunal judiciaire de Vannes;22 PLACE DE LA REPUBLIQUE;;56000;VANNES;;-2.761476;47.656126;0297437700;tj1-vannes@justice.fr
CASS;56260;9;591;Cour d'Assises du Morbihan;22 PLACE DE LA REPUBLIQUE;;56000;VANNES;;-2.761476;47.656126;0297437700;
CCD;56260;9;67441;Cour Criminelle Départementale du Morbihan;22 PLACE DE LA REPUBLIQUE;;56000;VANNES;;-2.761476;47.656126;02 97 43 77 00;
CDAD;56260;9;59041;Conseil départemental d'accès au droit du Morbihan;22 PLACE DE LA REPUBLIQUE;;56000;VANNES;;-2.761476;47.656126;0290993006;cdad-morbihan@justice.fr
CPH;56260;1;1083;Conseil de Prud'hommes de Vannes;14 RUE RICHEMONT;;56000;VANNES;;-2.761862;47.655842;0297427273;cph-vannes@justice.fr
TBRTJ;56260;9;63559;Tribunal Paritaire des Baux Ruraux de Vannes;22 PLACE DE LA REPUBLIQUE;;56000;VANNES;;-2.761476;47.656126;0297437706;
TCO;56260;1;363;Tribunal de Commerce de Vannes;19 RUE DES TRIBUNAUX;;56000;VANNES;;-2.761128;47.657119;0297472289;
TGI;56121;1;135;Tribunal judiciaire de Lorient;1 RUE MAITRE ESVELIN;;56100;LORIENT;;-3.363281;47.74539;0297841250;tj-lorient@justice.fr
TE;56121;1;2776;Tribunal pour Enfants de Lorient;RUE MAITRE ESVELIN;;56100;LORIENT;;-3.362844;47.745722;0297841281;
CPH;56121;1;1082;Conseil de Prud'hommes de Lorient;10 RUE GEORGES COLLIER;;56100;LORIENT;;-3.364184;47.754109;0297643338;cph-lorient@justice.fr
TBRTJ;56121;9;63557;Tribunal Paritaire des Baux Ruraux de Lorient;39 RUE DE LA VILLENEUVE;;56100;LORIENT;;-3.377003;47.753283;0297882800;
TCO;56121;1;362;Tribunal de Commerce de Lorient;3 RUE BENJAMIN DELESSERT;;56100;LORIENT;;-3.36756;47.746902;0297210153;gtclorient@greffe-tc.net
TGI;57463;1;137;Tribunal judiciaire de Metz;3 RUE HAUTE PIERRE;;57000;METZ;;6.171141;49.116846;0387567500;accueil-metz@justice.fr
TE;57463;1;2793;Tribunal pour Enfants de Metz;RUE HAUTE-PIERRE;;57000;METZ;;6.171445;49.117068;0387567500;
CA;57463;1;18;Cour d'Appel de Metz;3 RUE HAUTE PIERRE;;57000;METZ;;6.171141;49.116846;0387567600;
CASS;57463;1;1978;Cour d'Assises de la Moselle;3 RUE HAUTE PIERRE;;57000;METZ;;6.171141;49.116846;0387567600;
CCD;57463;9;62843;Cour Criminelle Départementale de la Moselle;3 RUE HAUTE PIERRE;;57000;METZ;;6.171141;49.116846;0387567600;
CDAD;57463;9;59006;Conseil départemental d'accès au droit de Moselle;3 RUE HAUTE PIERRE;;57000;METZ;;6.171141;49.116846;0387567600;cdad-moselle@justice.fr
TBRTJ;57463;9;63634;Tribunal Paritaire des Baux Ruraux de Metz;3 RUE HAUTE PIERRE;;57000;METZ;;6.171141;49.116846;0387567500;
CPH;57463;1;1085;Conseil de Prud'hommes de Metz;2 RUE VALENTIN BOUSCH;;57070;METZ;;6.222881;49.092297;0387761480;cph-metz@justice.fr
TE;57672;1;2809;Tribunal pour Enfants de Thionville;QUAI PIERRE MARCHAL;;57100;THIONVILLE;;6.169283;49.357849;0382824350;
TGI;57672;1;139;Tribunal judiciaire de Thionville;QUAI PIERRE MARCHAL;;57100;THIONVILLE;;6.169283;49.357849;0382824350;accueil.tj-thionville@justice.fr
CPH;57672;1;1088;Conseil de Prud'hommes de Thionville;12 ALLEE RAYMOND POINCARE;;57100;THIONVILLE;;6.162972;49.356796;0355843020;cph-thionville@justice.fr
TBRTJ;57672;9;63642;Tribunal Paritaire des Baux Ruraux de Thionville;12 ALLEE RAYMOND POINCARE;;57100;THIONVILLE;;6.162972;49.356796;0355843020;
TE;57631;1;2801;Tribunal pour Enfants de Sarreguemines;PLACE DU GENERAL SIBILLE;;57200;SARREGUEMINES;;7.068458;49.108755;0387283100;
TGI;57631;1;138;Tribunal judiciaire de Sarreguemines;PLACE DU GENERAL SIBILLE;;57200;SARREGUEMINES;;7.068458;49.108755;0387283100;
TBRTJ;57631;9;63640;Tribunal Paritaire des Baux Ruraux de Sarreguemines;PLACE DU GENERAL SIBILLE;;57200;SARREGUEMINES;;7.068458;49.108755;0387283100;
TBRTJ;57630;9;63638;Tribunal Paritaire des Baux Ruraux de Sarrebourg;52 AVENUE CLEMENCEAU;;57400;SARREBOURG;;7.055586;48.732748;0387237182;
TPRX;57630;9;63061;Tribunal de proximité de Sarrebourg;52 AVENUE CLEMENCEAU;;57400;SARREBOURG;;7.055586;48.732748;0387237182;accueil.tprx-sarrebourg@justice.fr
TBRTJ;57606;9;63636;Tribunal Paritaire des Baux Ruraux de Saint-Avold;37 AVENUE CLEMENCEAU;;57500;ST AVOLD;;6.704914;49.107285;0387921155;
TPRX;57606;9;62967;Tribunal de proximité de Saint-Avold;37 AVENUE CLEMENCEAU;;57500;ST AVOLD;;6.704914;49.107285;0387921155;tprx-st-avold@justice.fr
CPH;57227;1;1084;Conseil de Prud'hommes de Forbach;3 AVENUE SAINT-REMY;;57600;FORBACH;;6.903503;49.18914;0387856400;cph-forbach@justice.fr
TE;58194;1;2818;Tribunal pour Enfants de Nevers;PLACE DU PALAIS;;58000;NEVERS;;3.157531;46.986573;0386934444;
TGI;58194;1;140;Tribunal judiciaire de Nevers;PLACE DU PALAIS;;58000;NEVERS;;3.157531;46.986573;0386934444;accueil.tj-nevers@justice.fr
CASS;58194;9;589;Cour d'Assises de la Nièvre;PLACE DU PALAIS;;58000;NEVERS;;3.157531;46.986573;0386934444;
CCD;58194;9;67442;Cour Criminelle Départementale de la Nièvre;PLACE DU PALAIS;;58000;NEVERS;;3.157531;46.986573;03 86 93 44 44;
CDAD;58194;9;59014;Conseil départemental d'accès au droit de la Nièvre;PLACE DU PALAIS;;58000;NEVERS;;3.157531;46.986573;0386934444;cdad-nievre@justice.fr
CPH;58194;1;1089;Conseil de Prud'hommes de Nevers;6 RUE GAMBETTA;;58000;NEVERS;;3.159768;46.989857;0386934444;cph-nevers@justice.fr
TBRTJ;58194;9;63427;Tribunal Paritaire des Baux Ruraux de Nevers;6 RUE GAMBETTA;;58000;NEVERS;;3.159768;46.989857;0386930270;
TCO;58194;1;365;Tribunal de Commerce de Nevers;19 RUE ST MARTIN;;58000;NEVERS;;3.159507;46.989241;0386610671;
TBRTJ;58079;9;63425;Tribunal Paritaire des Baux Ruraux de Clamecy;PLACE EMILE ZOLA;;58500;CLAMECY;;3.521129;47.459787;0386270150;
TPRX;58079;9;62983;Tribunal de proximité de Clamecy;PLACE EMILE ZOLA;;58500;CLAMECY;;3.521129;47.459787;0386270150;tprx-clamecy@justice.fr
TE;59350;1;2859;Tribunal pour Enfants de Lille;13 AVENUE DU PEUPLE BELGE;;59000;LILLE;;3.06227;50.6447;0320783333;
TGI;59350;1;146;Tribunal judiciaire de Lille;13 AVENUE DU PEUPLE BELGE;;59000;LILLE;;3.06227;50.6447;0320783333;tj1-lille@justice.fr
CDAD;59350;9;58998;Conseil départemental d'accès au droit du Nord;13 AVENUE DU PEUPLE BELGE;;59000;LILLE;;3.06227;50.6447;0320783414;cdad-nord@justice.fr
TA;59350;9;3940;Tribunal Administratif de Lille;5 RUE GEOFFROY SAINT-HILAIRE;;59000;LILLE;;3.062746;50.62343; 0359542342;greffe.ta-lille@juradm.fr
TBRTJ;59350;9;63654;Tribunal Paritaire des Baux Ruraux de Lille;13 AVENUE DU PEUPLE BELGE;;59000;LILLE;;3.06227;50.6447;0361054000;
CPH;59512;1;1103;Conseil de Prud'hommes de Roubaix;45 RUE DU GRAND CHEMIN;;59100;ROUBAIX;;3.166288;50.691673;0320709591;cph-roubaix@justice.fr
TBRTJ;59512;9;63658;Tribunal Paritaire des Baux Ruraux de Roubaix;45 RUE DU GRAND CHEMIN;;59100;ROUBAIX;;3.166288;50.691673;0320769830;
TPRX;59512;9;63057;Tribunal de proximité de Roubaix;45 RUE DU GRAND CHEMIN;;59100;ROUBAIX;;3.166288;50.691673;0320769830;tprx-roubaix@justice.fr
TE;59183;1;2846;Tribunal pour Enfants de Dunkerque;PLACE DU PALAIS DE JUSTICE;;59140;DUNKERQUE;;2.374977;51.03097;0328235300;
TGI;59183;1;144;Tribunal judiciaire de Dunkerque;PLACE DU PALAIS DE JUSTICE;;59140;DUNKERQUE;;2.374977;51.03097;0328235300;accueil-dunkerque@justice.fr
CPH;59183;1;1095;Conseil de Prud'hommes de Dunkerque;7-9 PLACE DU PALAIS DE JUSTICE;;59140;DUNKERQUE;;2.375708;51.031605;0328289999;cph-dunkerque@justice.fr
TBRTJ;59183;9;63650;Tribunal Paritaire des Baux Ruraux de Dunkerque;16 RUE DU SUD;;59140;DUNKERQUE;;2.3779;51.032387;0328259820;
TCO;59183;1;368;Tribunal de Commerce de Dunkerque;PLACE DU PALAIS DE JUSTICE;;59140;DUNKERQUE;;2.374977;51.03097;0328668347;
CPH;59295;1;1099;Conseil de Prud'hommes d'Hazebrouck;8 RUE ANDRE BIEBUYCK;;59190;HAZEBROUCK;;2.537796;50.722855;0328414716;cph-hazebrouck@justice.fr
TBRTJ;59295;9;63652;Tribunal Paritaire des Baux Ruraux d'Hazebrouck;8 RUE ANDRE BIEBUYCK;;59190;HAZEBROUCK;;2.537796;50.722855;0328438750;
TPRX;59295;9;63010;Tribunal de proximité d'Hazebrouck;8 RUE ANDRE BIEBUYCK;;59190;HAZEBROUCK;;2.537796;50.722855;0328438750;tprx-hazebrouck@justice.fr
CPH;59599;1;1104;Conseil de Prud'hommes de Tourcoing;65 RUE DE GAND;;59200;TOURCOING;;3.158738;50.727995;0320014080;cph-tourcoing@justice.fr
TBRTJ;59599;9;63660;Tribunal Paritaire des Baux Ruraux de Tourcoing;65 RUE DE GAND;;59200;TOURCOING;;3.158738;50.727995;0320763590;
TCO;59599;9;45230;Tribunal de commerce de Lille métropole;445 BOULEVARD GAMBETTA;;59200;TOURCOING;;3.160742;50.704974;0320366545;
TPRX;59599;9;63070;Tribunal de proximité de Tourcoing;65 RUE DE GAND;;59200;TOURCOING;;3.158738;50.727995;0320763590;accueil-tourcoing@justice.fr
TE;59606;9;246;Tribunal pour Enfants de Valenciennes;6 AVENUE DES DENTELLIERES;;59300;VALENCIENNES;;3.520573;50.356549;0327146700;
TGI;59606;1;147;Tribunal judiciaire de Valenciennes;6 AVENUE DES DENTELLIERES;;59300;VALENCIENNES;;3.520573;50.356549;0327146700;tj-valenciennes@justice.fr
CPH;59606;1;1105;Conseil de Prud'hommes de Valenciennes;18 PLACE DU 8 MAI 1945;;59300;VALENCIENNES;;3.518408;50.357038;0327322850;cph-valenciennes@justice.fr
TBRTJ;59606;9;63662;Tribunal Paritaire des Baux Ruraux de Valenciennes;18 PLACE DU 8 MAI 1945;;59300;VALENCIENNES;;3.518408;50.357038;0327202300;
TCO;59606;1;371;Tribunal de Commerce de Valenciennes;5 PLACE DU COMMERCE;;59300;VALENCIENNES;;3.521886;50.357188;0327463478;contact@greffe-tc-valenciennes.fr
CPH;59367;1;1100;Conseil de Prud'hommes de Lys-Lez-Lannoy;44 RUE ANATOLE FRANCE;;59390;LYS LEZ LANNOY;;3.204134;50.670574;0320758138;cph-lys-lez-lannoy@justice.fr
TE;59122;9;20268;Tribunal pour Enfants de Cambrai;RUE FREISSART;;59400;CAMBRAI;;3.23172;50.178983;0327733737;
TGI;59122;1;142;Tribunal judiciaire de Cambrai;RUE FROISSART;;59400;CAMBRAI;;3.232176;50.181754;0327733737;tj-cambrai@justice.fr
CPH;59122;1;1091;Conseil de Prud'hommes de Cambrai;RUE FROISSART;;59400;CAMBRAI;;3.232176;50.181754;0327733764;cph-cambrai@justice.fr
TBRTJ;59122;9;63646;Tribunal Paritaire des Baux Ruraux de Cambrai;RUE FROISSART;;59400;CAMBRAI;;3.232176;50.181754;0327733737;
TE;59036;1;2826;Tribunal pour Enfants d'Avesnes-sur-Helpe;10 PLACE GUILLEMIN;;59440;AVESNES SUR HELPE;;3.932303;50.122783;0327577800;
TGI;59036;1;141;Tribunal judiciaire d'Avesnes-sur-Helpe;11 RUE DU MARECHAL JOFFRE;;59440;AVESNES SUR HELPE;;3.928771;50.121707;0327577800;tj1-avesnes-sur-helpe@justice.fr
CPH;59036;9;37373;Conseil de Prud'hommes d'Avesnes sur Helpe;11 RUE DU MARECHAL JOFFRE;;59440;AVESNES SUR HELPE;;3.928771;50.121707;0327577800;cph-avesnes-sur-helpe@justice.fr
TBRTJ;59036;9;63644;Tribunal Paritaire des Baux Ruraux d'Avesnes-sur-Helpe;11 RUE DU MARECHAL JOFFRE;;59440;AVESNES SUR HELPE;;3.928771;50.121707;0327577800;
TE;59178;1;2839;Tribunal pour Enfants de Douai;47 RUE MERLIN DE DOUAI;;59500;DOUAI;;3.078273;50.369363;0327932768;
TGI;59178;1;143;Tribunal judiciaire de Douai;5 RUE MERLIN DE DOUAI;;59500;DOUAI;;3.077434;50.369293;0327932700;accueil-douai@justice.fr
CA;59178;1;19;Cour d'Appel de Douai;5 RUE MERLIN DE DOUAI;;59500;DOUAI;;3.077434;50.369293;0327932700;ca-douai@justice.fr
CAA;59178;9;19403;Cour Administrative d'Appel de Douai;50 RUE DE LA COMEDIE;;59500;DOUAI;;3.078532;50.366451;0327081000;greffe.caa-douai@juradm.fr
CASS;59178;1;1983;Cour d'Assises du Nord;PLACE CHARLES DE POLLINCHOVE;;59500;DOUAI;;3.078218;50.370411;0327932700;
CCD;59178;9;67443;Cour Criminelle Départementale du Nord;PLACE CHARLES DE POLLINCHOVE;;59500;DOUAI;;3.078218;50.370411;03 27 93 27 00;
CPH;59178;1;1094;Conseil de Prud'hommes de Douai;106 RUE MERLIN DE DOUAI;;59500;DOUAI;;3.078566;50.369807;0327991899;cph-douai@justice.fr
TBRTJ;59178;9;63648;Tribunal Paritaire des Baux Ruraux de Douai;66 RUE SAINT-JULIEN;;59500;DOUAI;;3.0765;50.371046;0327999595;
TCO;59178;1;367;Tribunal de Commerce de Douai;66 RUE SAINT-JULIEN;;59500;DOUAI;;3.0765;50.371046;0327961743;tc-douai@justice.fr
TBRTJ;59392;9;63656;Tribunal Paritaire des Baux Ruraux de Maubeuge;PLACE DU DOCTEUR PIERRE FOREST;;59600;MAUBEUGE;;3.977707;50.277801;0327531520;
TPRX;59392;9;63025;Tribunal de proximité de Maubeuge;PLACE DU DOCTEUR PIERRE FOREST;;59600;MAUBEUGE;;3.977707;50.277801;0327531520;tprx-maubeuge@justice.fr
CPH;59350;1;1101;Conseil de Prud'hommes de Lille;33 AVENUE DU PEUPLE BELGE;;59800;LILLE;;3.06227;50.6447;0320783333;cph-lille@justice.fr
TE;60057;9;252;Tribunal pour Enfants de Beauvais;20 BOULEVARD SAINT-JEAN;;60000;BEAUVAIS;;2.075962;49.429034;0344796065;
TGI;60057;1;148;Tribunal judiciaire de Beauvais;20 BOULEVARD SAINT-JEAN;;60000;BEAUVAIS;;2.075962;49.429034;0344796060;accueil-beauvais@justice.fr
CASS;60057;9;587;Cour d'Assises de l'Oise;20 BOULEVARD SAINT-JEAN;;60000;BEAUVAIS;;2.075962;49.429034;0344796060;
CCD;60057;9;67445;Cour Criminelle Départementale de l'Oise;20 BOULEVARD SAINT-JEAN;;60000;BEAUVAIS;;2.075962;49.429034;03 44 79 60 60;
CDAD;60057;9;58960;Conseil départemental d'accès au droit de l'Oise;20 BOULEVARD SAINT-JEAN;;60000;BEAUVAIS;;2.075962;49.429034;0785652714;cdad-oise@justice.fr
CPH;60057;1;1106;Conseil de Prud'hommes de Beauvais;20 BOULEVARD SAINT-JEAN;;60000;BEAUVAIS;;2.075962;49.429034;0344796070;cph-beauvais@justice.fr
TBRTJ;60057;9;63805;Tribunal Paritaire des Baux Ruraux de Beauvais;20 BOULEVARD SAINT-JEAN;;60000;BEAUVAIS;;2.075962;49.429034;0344796040;
TCO;60057;1;372;Tribunal de Commerce de Beauvais;12 RUE DES TEINTURIERS;;60000;BEAUVAIS;;2.071181;49.428964;0344067400;
CPH;60175;1;1108;Conseil de Prud'hommes de Creil;12 RUE JULES MICHELET;;60100;CREIL;;2.476493;49.261509;0344613030;cph-creil@justice.fr
TE;60159;9;20272;Tribunal pour Enfants de Compiègne;11 RUE HENRI DE SEROUX;;60200;COMPIEGNE;;2.828402;49.417185;0344383535;
TGI;60159;1;149;Tribunal judiciaire de Compiègne;11 RUE HENRI DE SEROUX;;60200;COMPIEGNE;;2.828402;49.417185;0344383524;tj-compiegne@justice.fr
CPH;60159;1;1107;Conseil de Prud'hommes de Compiègne;2 RUE DU DAHOMEY;;60200;COMPIEGNE;;2.829089;49.417928;0360456000;cph-compiegne@justice.fr
TBRTJ;60159;9;63807;Tribunal Paritaire des Baux Ruraux de Compiègne;11 RUE HENRI DE SEROUX;;60200;COMPIEGNE;;2.828402;49.417185;0344385800;
TCO;60159;1;373;Tribunal de Commerce de Compiègne;2 RUE DU DAHOMEY;;60200;COMPIEGNE;;2.829089;49.417928;0344385151;tc.compiegne@wanadoo.fr
TE;60612;9;263;Tribunal pour Enfants de Senlis;26 ALLEE DES SOUPIRS;;60300;SENLIS;;2.581518;49.209427;0344539100/40/1;
TGI;60612;1;150;Tribunal judiciaire de Senlis;26 ALLEE DES SOUPIRS;;60300;SENLIS;;2.581518;49.209427;0344539100;accueil-senlis@justice.fr
TBRTJ;60612;9;63809;Tribunal Paritaire des Baux Ruraux de Senlis;26 ALLEE DES SOUPIRS;;60300;SENLIS;;2.581518;49.209427;0344539100;
TE;61001;9;274;Tribunal pour Enfants d'Alençon;PLACE DU MARECHAL FOCH;;61000;ALENCON;;0.082122;48.430711;0233822524;
TGI;61001;1;151;Tribunal judiciaire d'Alençon;PLACE DU MARECHAL FOCH;;61000;ALENCON;;0.082122;48.430711;0233822500;accueil.tj-alencon@justice.fr
CASS;61001;9;585;Cour d'Assises de l'Orne;PLACE DU MARECHAL FOCH;;61000;ALENCON;;0.082122;48.430711;0233822500;
CCD;61001;9;67446;Cour Criminelle Départementale de l'Orne;PLACE FOCH;;61000;ALENCON;;0.082122;48.430711;02 33 82 25 00;
CDAD;61001;9;58948;Conseil départemental d'accès au droit de l'Orne;22 AVENUE DU PRESIDENT WILSON;;61000;ALENCON;;0.095949;48.433903;0233320880;cdad.orne@justice.fr
CPH;61001;1;1109;Conseil de Prud'hommes d'Alençon;22 AVENUE DU PRESIDENT WILSON;;61000;ALENCON;;0.095949;48.433903;0233821450;cph-alencon@justice.fr
TBRTJ;61001;9;63414;Tribunal Paritaire des Baux Ruraux d'Alençon;22 AVENUE DU PRESIDENT WILSON;;61000;ALENCON;;0.095949;48.433903;0233294293;
TCO;61001;1;375;Tribunal de Commerce d'Alençon;6 RUE BERCAIL;;61000;ALENCON;;0.088243;48.430284;0233260877;
TBRTJ;61169;9;63418;Tribunal Paritaire des Baux Ruraux de Flers;33 RUE JULES GEVELOT;;61100;FLERS;;-0.572735;48.752483;0233653504;
TPRX;61169;9;62999;Tribunal de proximité de Flers;33 RUE JULES GEVELOT;;61100;FLERS;;-0.572735;48.752483;0233653504;accueil.tprx-flers@justice.fr
TGI;61006;1;152;Tribunal judiciaire d'Argentan;RUE DES ANCIENS COMBATTANTS;;61200;ARGENTAN;;-0.019527;48.743341;0233679797;
CPH;61006;1;1110;Conseil de Prud'hommes d'Argentan;17 RUE VIEILLES HALLES;;61200;ARGENTAN;;-0.017731;48.745994;0233676121;cph-argentan@justice.fr
TBRTJ;61006;9;63416;Tribunal Paritaire des Baux Ruraux d'Argentan;PLACE DU DOCTEUR COUINAUD;;61200;ARGENTAN;;-0.016922;48.744146;0233121450;
TE;62041;9;294;Tribunal pour Enfants d'Arras;13 RUE ROGER SALENGRO;;62000;ARRAS;;2.768453;50.293681; 0361473190; 0361473190
TGI;62041;1;153;Tribunal judiciaire d'Arras;PLACE DES ETATS D'ARTOIS;;62000;ARRAS;;2.776273;50.290277;0321515206;accueil-arras@justice.fr
CDAD;62041;9;58953;Conseil départemental d'accès au droit du Pas-de-Calais;PLACE DES ETATS D'ARTOIS;;62000;ARRAS;;2.776273;50.290277;0321518853;cdad-pas-de-calais@justice.fr
CPH;62041;1;1112;Conseil de Prud'hommes d'Arras;31 RUE SAINT-MICHEL;;62000;ARRAS;;2.784932;50.289488;0321603280;cph-arras@justice.fr
TBRTJ;62041;9;63664;Tribunal Paritaire des Baux Ruraux d'Arras;13 RUE ROGER SALENGRO;;62000;ARRAS;;2.768453;50.293681;0321716225;
TCO;62041;1;380;Tribunal de Commerce d'Arras;13 RUE ROGER SALENGRO;;62000;ARRAS;;2.768453;50.293681;0321510104;tc-arras@justice.fr
CPH;62193;1;1115;Conseil de Prud'hommes de Calais;15 PLACE CREVECOEUR;;62100;CALAIS;;1.859831;50.944615;0321360209;cph-calais@justice.fr
TBRTJ;62193;9;63670;Tribunal Paritaire des Baux Ruraux de Calais;15 PLACE CREVECOEUR;;62100;CALAIS;;1.859831;50.944615;0321363769;
TPRX;62193;9;62977;Tribunal de proximité de Calais;15 PLACE CREVECOEUR;;62100;CALAIS;;1.859831;50.944615;0321363769;tprx-calais@justice.fr
TBRTJ;62588;9;63674;Tribunal Paritaire des Baux Ruraux de Montreuil-sur-Mer;1 RUE DES CARMES;;62170;MONTREUIL SUR MER;;1.766577;50.46444;0321060696;
TPRX;62588;9;63034;Tribunal de proximité de Montreuil (62);1 RUE DES CARMES;;62170;MONTREUIL SUR MER;;1.766577;50.46444;0321060696;tprx-montreuil-sur-mer@justice.fr
TE;62160;1;2923;Tribunal pour Enfants de Boulogne-Sur-Mer;PLACE DE LA RESISTANCE;;62200;BOULOGNE SUR MER;;1.612623;50.725004;0321996100;
TGI;62160;1;155;Tribunal judiciaire de Boulogne-sur-Mer;PLACE DE LA RESISTANCE;;62200;BOULOGNE SUR MER;;1.612623;50.725004;0321996100;tj1-boulogne-sur-mer@justice.fr
CPH;62160;1;1114;Conseil de Prud'hommes de Boulogne-sur-Mer;166 RUE FAIDHERBE;;62200;BOULOGNE SUR MER;;1.605305;50.725254;0321308646;cph-boulogne-sur-mer@justice.fr
TBRTJ;62160;9;63668;Tribunal Paritaire des Baux Ruraux de Boulogne-sur-Mer;166 RUE FAIDHERBE;;62200;BOULOGNE SUR MER;;1.605305;50.725254;0321338222;
TCO;62160;1;381;Tribunal de Commerce de Boulogne-sur-Mer;16 RUE DE LA BARRIERE SAINT MICHEL;;62200;BOULOGNE SUR MER;;1.609805;50.726412;0321874767;tc-boulogne-sur-mer@justice.fr
CPH;62498;1;1116;Conseil de Prud'hommes de Lens;1 RUE ARTHUR LAMENDIN;;62300;LENS;;2.835068;50.429723;0321146180;cph-lens@justice.fr
TBRTJ;62498;9;63672;Tribunal Paritaire des Baux Ruraux de Lens;11 RUE DE L'HOSPICE;;62300;LENS;;2.834981;50.430254;0321135410;
TPRX;62498;9;63016;Tribunal de proximité de Lens;11 RUE DE L'HOSPICE;;62300;LENS;;2.834981;50.430254;0321135410;tprx-lens@justice.fr
TE;62119;1;2916;Tribunal pour Enfants de Béthune;PLACE LAMARTINE;;62400;BETHUNE;;2.638203;50.534834;0321687200;tgi-bethune@justice.fr
TGI;62119;1;154;Tribunal judiciaire de Béthune;PLACE LAMARTINE;;62400;BETHUNE;;2.638203;50.534834;0321687200;accueil-bethune@justice.fr
CPH;62119;1;1113;Conseil de Prud'hommes de Béthune;22 RUE D'AIRE;;62400;BETHUNE;;2.633171;50.537827;0321577390;cph-bethune@justice.fr
TBRTJ;62119;9;63666;Tribunal Paritaire des Baux Ruraux de Béthune;22 RUE D'AIRE;;62400;BETHUNE;;2.633171;50.537827;0321631430;
TGI;62765;1;156;Tribunal judiciaire de Saint-Omer;3 RUE DES TRIBUNAUX;;62500;ST OMER;;2.253435;50.748124;0321987970;accueil-st-omer@justice.fr
CCD;62765;9;67448;Cour Criminelle Départementale du Pas-de-Calais;3 RUE DES TRIBUNAUX;;62500;ST OMER;;2.253435;50.748124;03 21 98 79 70;
TE;63113;1;2939;Tribunal pour Enfants de Clermont-Ferrand;16 PLACE DE L'ETOILE;;63000;CLERMONT FERRAND;;3.079901;45.779771;0473317700;tj-clermont-ferrand@justice.fr
TGI;63113;1;157;Tribunal judiciaire de Clermont-Ferrand;16 PLACE DE L'ETOILE;;63000;CLERMONT FERRAND;;3.079901;45.779771;0473317700;tj-clermont-ferrand@justice.fr
CDAD;63113;9;58978;Conseil départemental d'accès au droit du Puy-de-Dôme;16 PLACE DE L'ETOILE;;63000;CLERMONT FERRAND;;3.079901;45.779771;0473317700;cdad-puy-de-dome@justice.fr
CPH;63113;1;1119;Conseil de Prud'hommes de Clermont-Ferrand;16 PLACE DE L'ETOILE;;63000;CLERMONT FERRAND;;3.079901;45.779771;0473317940;cph-clermont-ferrand@justice.fr
TA;63113;9;3947;Tribunal Administratif de Clermont-Ferrand;6 COURS SABLON;;63000;CLERMONT FERRAND;;3.090043;45.77627;0473146100;greffe.ta-clermont-ferrand@juradm.fr
TBRTJ;63113;9;63690;Tribunal Paritaire des Baux Ruraux de Clermont-Ferrand;16 PLACE DE L'ETOILE;;63000;CLERMONT FERRAND;;3.079901;45.779771;0473317890;
TCO;63113;1;386;Tribunal de Commerce de Clermont-Ferrand;40 RUE DE L'ANGE;;63000;CLERMONT FERRAND;;3.080757;45.77981;0473160160;
CA;63300;1;20;Cour d'Appel de Riom;2 BD CHANCELIER DE L'HOPITAL;;63200;RIOM;;3.116803;45.895948;0473632970;
CASS;63300;1;1988;Cour d'Assises du Puy-de-Dôme;2 BD CHANCELIER DE L'HOPITAL;;63200;RIOM;;3.116803;45.895948;0473632970;
CCD;63300;9;67450;Cour Criminelle Départementale du Puy-de-Dôme;2 BD CHANCELIER DE L'HOSPITAL;;63200;RIOM;;3.116803;45.895948;04 73 63 29 70;
CPH;63300;1;1120;Conseil de Prud'hommes de Riom;RUE JEAN DE BERRY;;63200;RIOM;;3.116705;45.894783;0473384085;cph-riom@justice.fr
TBRTJ;63300;9;63692;Tribunal Paritaire des Baux Ruraux de Riom;RUE JEAN DE BERRY;;63200;RIOM;;3.116705;45.894783;0473337080;
TPRX;63300;9;63054;Tribunal de proximité de Riom;RUE JEAN DE BERRY;;63200;RIOM;;3.116705;45.894783;0473337080;tprx-riom@justice.fr
TBRTJ;63430;9;63694;Tribunal Paritaire des Baux Ruraux de Thiers;6 PLACE SAINT-GENES;;63300;THIERS;;3.54407;45.856712;0473802212;
TPRX;63430;9;63069;Tribunal de proximité de Thiers;6 PLACE SAINT-GENES;;63300;THIERS;;3.547996;45.853771;0473802212;tprx-thiers@justice.fr
TE;64445;1;2958;Tribunal pour Enfants de Pau;PLACE DE LA LIBERATION;;64000;PAU;;-0.371559;43.297865;0559824600;
TGI;64445;1;160;Tribunal judiciaire de Pau;PLACE DE LA LIBERATION;;64000;PAU;;-0.371559;43.297865;0547053400;tj-pau@justice.fr
CA;64445;1;21;Cour d'Appel de Pau;PLACE DE LA LIBERATION;;64000;PAU;;-0.371559;43.297865;0547053401;
CASS;64445;1;1993;Cour d'Assises des Pyrénées-Atlantiques;PLACE DE LA LIBERATION;;64000;PAU;;-0.371559;43.297865;0559824715;
CCD;64445;9;64160;Cour Criminelle Départementale des Pyrénées-Atlantiques;PLACE DE LA LIBERATION;;64000;PAU;;-0.371559;43.297865;0559824715;
CDAD;64445;9;59020;Conseil départemental d'accès au droit des PyrénéesAtlantiques;3 RUE FAGET DE BAURE;;64000;PAU;;-0.372457;43.298422;0559980765;Cdad64@wanadoo.fr
CPH;64445;1;1124;Conseil de Prud'hommes de Pau;6 PLACE MARGUERITE LABORDE;;64000;PAU;;-0.367834;43.300209;0547053400;cph-pau@justice.fr
TA;64445;9;3950;Tribunal Administratif de Pau;50 COURS LYAUTEY;;64000;PAU;;-0.364445;43.307567;0559849440;greffe.ta-pau@juradm.fr
TBRTJ;64445;9;63704;Tribunal Paritaire des Baux Ruraux de Pau;6 RUE MOUROT;;64000;PAU;;-0.371616;43.298765;0559823900;
TCO;64445;1;392;Tribunal de Commerce de Pau;3 RUE DUPLAA;;64000;PAU;;-0.372815;43.2996;0559986060;
TE;64102;1;2951;Tribunal pour Enfants de Bayonne;AVENUE DE LA LEGION TCHEQUE;;64100;BAYONNE;;-1.488194;43.49296;0559445400;
TGI;64102;1;159;Tribunal judiciaire de Bayonne;AVENUE DE LA LEGION TCHEQUE;;64100;BAYONNE;;-1.488194;43.49296;0559445400;accueil-bayonne@justice.fr
CPH;64102;1;1122;Conseil de Prud'hommes de Bayonne;10 RUE VILLE EN BOIS;;64100;BAYONNE;;-1.485946;43.491404;0559593221;cph-bayonne@justice.fr
TBRTJ;64102;9;63700;Tribunal Paritaire des Baux Ruraux de Bayonne;AVENUE DE LA LEGION TCHEQUE;;64100;BAYONNE;;-1.488194;43.49296;0559445480;
TCO;64102;1;390;Tribunal de Commerce de Bayonne;1 AVENUE MARIE ANNE DE NEUBOURG;;64100;BAYONNE;;-1.484761;43.493488;0559463300;
TBRTJ;64422;9;63702;Tribunal Paritaire des Baux Ruraux d'Oloron-Sainte-Marie;PLACE MENDIONDOU;;64400;OLORON STE MARIE;;-0.607142;43.192306;0547053400;
TPRX;64422;9;63040;Tribunal de proximité d'Oloron-Sainte-Marie;PLACE MENDIONDOU;;64400;OLORON STE MARIE;;-0.607142;43.192306;0547053390;tprx-oloron-ste-marie@justice.fr
TGI;65440;1;161;Tribunal judiciaire de Tarbes;6 BIS RUE DU MARECHAL FOCH;;65000;TARBES;;0.078184;43.232101;0581750350;tj-tarbes@justice.fr
TE;65440;1;2967;Tribunal pour Enfants de Tarbes;RUE DU MARECHAL FOCH;;65000;TARBES;;0.078184;43.232101;0562517700;
CASS;65440;9;581;Cour d'Assises des Hautes-Pyrénées;RUE DU MARECHAL FOCH;;65000;TARBES;;0.078184;43.232101;0562517700;
CCD;65440;9;67415;Cour Criminelle Départementale des Hautes-Pyrénées;RUE DU MARECHAL FOCH;;65000;TARBES;;0.078184;43.232101;05 62 51 77 00;
CDAD;65440;9;59034;Conseil départemental d'accès au droit des HautesPyrénées;6 BIS RUE DU MARECHAL FOCH;;65000;TARBES;;0.078184;43.232101;0562349673;cdad65@orange.fr
CPH;65440;1;1125;Conseil de Prud'hommes de Tarbes;6 BIS RUE DU MARECHAL FOCH;;65000;TARBES;;0.0749959;43.232251;0581750350;cph-tarbes@justice.fr
TBRTJ;65440;9;63706;Tribunal Paritaire des Baux Ruraux de Tarbes;6 BIS RUE DU MARECHAL FOCH;;65000;TARBES;;0.078184;43.232101;0562517755;
TCO;65440;1;394;Tribunal de Commerce de Tarbes;SQUARE MAURICE TRELUT;;65000;TARBES;;0.075401;43.232802;0562517777;
TE;66136;1;2976;Tribunal pour Enfants de Perpignan;PLACE ARAGO;;66000;PERPIGNAN;;2.89234;42.698443;0430196100;
TGI;66136;1;162;Tribunal judiciaire de Perpignan;PLACE ARAGO;;66000;PERPIGNAN;;2.89234;42.698443;0430196100;accueil-perpignan@justice.fr
CASS;66136;9;579;Cour d'Assises des Pyrénées-Orientales;PLACE ARAGO;;66000;PERPIGNAN;;2.89234;42.698443;0468619696;
CCD;66136;9;67467;Cour Criminelle Départementale des Pyrénées-Orientales;PLACE ARAGO;;66000;PERPIGNAN;;2.89234;42.698443;0468619696;
CDAD;66136;9;59022;Conseil départemental d'accès au droit des Pyrénées Orientales;PLACE ARAGO;;66000;PERPIGNAN;;2.89234;42.698443;0468663456;aj1.tgi-perpignan@justice.fr
CPH;66136;1;1126;Conseil de Prud'hommes de Perpignan;13-15 COURS ESCARGUEL;;66000;PERPIGNAN;;2.888712;42.695913;0468519620;cph-perpignan@justice.fr
TBRTJ;66136;9;63533;Tribunal Paritaire des Baux Ruraux de Perpignan;5 BOULEVARD DES PYRENEES;;66000;PERPIGNAN;;2.888445;42.696467;0430196173;
TCO;66136;1;395;Tribunal de Commerce de Perpignan;4 RUE ANDRE BOSCH;;66000;PERPIGNAN;;2.888929;42.6966;0468342433;
TE;67482;1;2992;Tribunal pour Enfants de Strasbourg;1 QUAI FINKMATT;;67000;STRASBOURG;;7.746781;48.587135;0388752757/6/8/2981;
CASS;67482;9;576;Cour d'Assises du Bas-Rhin;1 QUAI FINKMATT;;67000;STRASBOURG;;7.746781;48.587135;0388752727;
CCD;67482;9;67391;Cour Criminelle Départementale du Bas-Rhin;1 QUAI FINKMATT;;67000;STRASBOURG;;7.746781;48.587135;03 88 75 27 27;
CDAD;67482;9;59033;Conseil départemental d'accès au droit du Bas-Rhin;QUAI FINKMATT;;67000;STRASBOURG;;7.747512;48.587265;0388752891;cdad-bas-rhin@justice.fr
CPH;67482;1;1132;Conseil de Prud'hommes de Strasbourg;19 AVENUE DE LA PAIX - SIMONE VEIL;;67000;STRASBOURG;;7.755455;48.589855;0388767070;cph-strasbourg@justice.fr
TA;67482;9;3951;Tribunal Administratif de Strasbourg;31 AVENUE DE LA PAIX;;67000;STRASBOURG;;7.756597;48.591606;0388212323;greffe.ta-strasbourg@juradm.fr
TBRTJ;67482;9;63720;Tribunal Paritaire des Baux Ruraux de Strasbourg;45 RUE DU FOSSE DES TREIZE;;67000;STRASBOURG;;7.745945;48.590204;0388155900;
TGI;67482;1;164;Tribunal judiciaire de Strasbourg;QUAI FINKMATT;;67000;STRASBOURG;;7.746781;48.587135;0388752727;accueil-strasbourg@justice.fr
TBRTJ;67300;9;63712;Tribunal Paritaire des Baux Ruraux de Molsheim;3 RUE MARECHAL KELLERMANN;;67120;MOLSHEIM;;7.494462;48.541238;0388497249;
TPRX;67300;9;63029;Tribunal de proximité de Molsheim;3 RUE MARECHAL KELLERMANN;;67120;MOLSHEIM;;7.494462;48.541238;0388497249;tprx-molsheim@justice.fr
CPH;67447;1;1130;Conseil de Prud'hommes de Schiltigheim;10 RUE DU TRIBUNAL;;67300;SCHILTIGHEIM;;7.754638;48.603229;0388334757;cph-schiltigheim@justice.fr
TBRTJ;67447;9;63716;Tribunal Paritaire des Baux Ruraux de Schiltigheim;10 RUE DU TRIBUNAL;;67300;SCHILTIGHEIM;;7.754638;48.603229;0388192782;
TPRX;67447;9;63062;Tribunal de proximité de Schiltigheim;10 RUE DU TRIBUNAL;;67300;SCHILTIGHEIM;;7.754638;48.603229;0388192780;tprx-schiltigheim@justice.fr
TBRTJ;67218;9;63710;Tribunal Paritaire des Baux Ruraux d'Illkirch-Graffenstaden;144 A ROUTE DE LYON;;67400;ILLKIRCH GRAFFENSTADEN;;7.714602;48.531485;0388553310;
TPRX;67218;9;63011;Tribunal de proximité d'Illkirch-Graffenstaden;144 A ROUTE DE LYON;;67400;ILLKIRCH GRAFFENSTADEN;;7.714602;48.531485;0388553310;tprx-illkirch-graffenstaden@justice.fr
CPH;67180;1;1127;Conseil de Prud'hommes d'Haguenau;41 RUE DE LA REDOUTE;;67500;HAGUENAU;;7.787103;48.810307;0369165000;cph-haguenau@justice.fr
TBRTJ;67180;9;63708;Tribunal Paritaire des Baux Ruraux d'Haguenau;23 RUE DE LA REDOUTE;;67500;HAGUENAU;;7.781833;48.806182;0369165000;
TPRX;67180;9;63009;Tribunal de proximité d'Haguenau;41 RUE DE LA REDOUTE;;67500;HAGUENAU;;7.781694;48.806723;0369165000;accueil-haguenau@justice.fr
TBRTJ;67462;9;63718;Tribunal Paritaire des Baux Ruraux de Sélestat;17 ALLEE DE LA 1ERE ARMEE;;67600;SELESTAT;;7.450651;48.26049;0388574050;
TPRX;67462;9;63064;Tribunal de proximité de Sélestat;17 ALLEE DE LA 1ERE ARMEE;;67600;SELESTAT;;7.450651;48.26049;0388574050;tprx-selestat@justice.fr
TE;67437;9;18368;Tribunal pour Enfants de Saverne;7 RUE DU TRIBUNAL;;67700;SAVERNE;;7.365228;48.740553;0388716180;
TGI;67437;1;163;Tribunal judiciaire de Saverne;7 RUE DU TRIBUNAL;;67700;SAVERNE;;7.365228;48.740553;0388716151;accueil-saverne@justice.fr
CPH;67437;1;1129;Conseil de Prud'hommes de Saverne;9 RUE FRANCOIS CARABIN;;67700;SAVERNE;;7.375128;48.733058;0388011924;cph-saverne@justice.fr
TBRTJ;67437;9;63714;Tribunal Paritaire des Baux Ruraux de Saverne;7 RUE DU TRIBUNAL;;67700;SAVERNE;;7.365228;48.740553;0388716151;
TE;68066;1;3000;Tribunal pour Enfants de Colmar;PLACE DU MARCHE AUX FRUITS;;68000;COLMAR;;7.358328;48.075487;0389205600;
TGI;68066;1;165;Tribunal judiciaire de Colmar;PLACE DU MARCHE AUX FRUITS;;68000;COLMAR;;7.358328;48.075487;0389205600;tj1-colmar@justice.fr
CA;68066;1;22;Cour d'Appel de Colmar;9 AVENUE RAYMOND POINCARE;;68000;COLMAR;;7.350833;48.071358;0389208900;
CASS;68066;1;1998;Cour d'Assises du Haut-Rhin;9 AVENUE RAYMOND POINCARE;;68000;COLMAR;;7.350833;48.071358;0389208900/77;
CCD;68066;9;67420;Cour Criminelle Départementale du Haut-Rhin;9 AVENUE RAYMOND POINCARE;;68000;COLMAR;;7.350833;48.071358;0389208900/77;
CDAD;68066;9;58979;Conseil départemental d'accès au droit du Haut-Rhin;PLACE DU MARCHE AUX FRUITS;;68000;COLMAR;;7.358328;48.075487;0389205600;cdad-haut-rhin@justice.fr
CPH;68066;1;1134;Conseil de Prud'hommes de Colmar;3 RUE DES PRETRES;;68000;COLMAR;;7.358784;48.078096;0389202390;cph-colmar@justice.fr
TBRTJ;68066;9;63722;Tribunal Paritaire des Baux Ruraux de Colmar;10 RUE DES AUGUSTINS;;68000;COLMAR;;7.357028;48.076251;0389244524;
TGI;68224;1;166;Tribunal judiciaire de Mulhouse;21 AVENUE ROBERT SCHUMAN;;68100;MULHOUSE;;7.342428;47.752309;0389362500;accueil-mulhouse@justice.fr
TE;68224;1;3008;Tribunal pour Enfants de Mulhouse;44 AVENUE ROBERT SCHUMAN;;68100;MULHOUSE;;7.344372;47.753184;0389661044;
CPH;68224;1;1136;Conseil de Prud'hommes de Mulhouse;12 RUE COEHORN;;68100;MULHOUSE;;7.337649;47.758011;0369217373;cph-mulhouse@justice.fr
TBRTJ;68224;9;63724;Tribunal Paritaire des Baux Ruraux de Mulhouse;44 AVENUE ROBERT SCHUMAN;;68100;MULHOUSE;;7.344372;47.753184;0389354242;
TBRTJ;68112;9;63728;Tribunal Paritaire des Baux Ruraux de Guebwiller;1 PLACE SAINT-LEGER;;68500;GUEBWILLER;;7.20861;47.911836;0389621720;
TPRX;68112;9;63007;Tribunal de proximité de Guebwiller;1 PLACE SAINT-LEGER;;68500;GUEBWILLER;;7.20861;47.911836;0389621720;accueil.tprx-guebwiller@justice.fr
TBRTJ;68334;9;63726;Tribunal Paritaire des Baux Ruraux de Thann;41 PLACE DU ML DE LATTRE DE TASSIGNY;;68800;THANN;;7.097367;47.813113;0389370848;
TPRX;68334;9;63068;Tribunal de proximité de Thann;41 PLACE DU ML DE LATTRE DE TASSIGNY;;68800;THANN;;7.097367;47.813113;0389370848;tprx-thann@justice.fr
TE;69383;1;3015;Tribunal pour Enfants de Lyon;67 RUE SERVIENT;;69003;LYON;;4.84783;45.76043;0472607012;
TGI;69383;1;167;Tribunal judiciaire de Lyon;67 RUE SERVIENT;;69003;LYON;;4.84783;45.76043;0472607012;tj-lyon@justice.fr
CAA;69383;9;6135;Cour Administrative d'Appel de Lyon;184 RUE DUGUESCLIN;;69003;LYON;;4.848192;45.762683;0478141111;greffe.caa-lyon@juradm.fr
CDAD;69383;9;59001;Conseil départemental d'accès au droit du Rhône;67 RUE SERVIENT;;69003;LYON;;4.84783;45.76043;0472607048;cdad-rhone@justice.fr
CPH;69383;1;1138;Conseil de Prud'hommes de Lyon;20 BOULEVARD EUGENE DERUELLE;;69003;LYON;;4.853962;45.76282;0472847100;cph-lyon@justice.fr
TA;69383;9;3953;Tribunal Administratif de Lyon;184 RUE DUGUESCLIN;;69003;LYON;;4.848192;45.762683;0478141010;greffe.ta-lyon@juradm.fr
TAE;69383;9;79912;Tribunal des activités économiques de Lyon;44 RUE DE BONNEL;;69003;LYON;;4.8476;45.761685;0472606980;
TBRTJ;69383;9;63744;Tribunal Paritaire des Baux Ruraux de Lyon;67 RUE SERVIENT;;69003;LYON;;4.84783;45.76043;0472607575;
CA;69385;1;23;Cour d'Appel de Lyon;1 RUE DU PALAIS DE JUSTICE;;69005;LYON;;4.828191;45.762253;0472773030;
CASS;69385;1;2003;Cour d'Assises du Rhône;1 RUE DU PALAIS DE JUSTICE;;69005;LYON;;4.828191;45.762253;0472773030;
CCD;69385;9;67451;Cour Criminelle Départementale du Rhône;1 RUE DU PALAIS DE JUSTICE;;69005;LYON;;4.828191;45.762253;04 72 77 30 30;
TBRTJ;69266;9;63748;Tribunal Paritaire des Buraux Ruraux de Villeurbanne;3 RUE DU DR PIERRE FLEURY PAPILLON;;69100;VILLEURBANNE;;4.883219;45.764346;0472138300;
TPRX;69266;9;63077;Tribunal de proximité de Villeurbanne;3 RUE DU DR PIERRE FLEURY PAPILLON;;69100;VILLEURBANNE;;4.883219;45.764346;0472138300;tprx-villeurbanne@justice.fr
TE;69264;1;3022;Tribunal pour Enfants de Villefranche-sur-Saône;350 BOULEVARD GAMBETTA;;69400;VILLEFRANCHE SUR SAONE;;4.715227;45.992992;0474656363;
TGI;69264;1;168;Tribunal judiciaire de Villefranche-sur-Saône;350 BOULEVARD GAMBETTA;;69400;VILLEFRANCHE SUR SAONE;;4.715227;45.992992;0474656363;tj-villefranche-sur-saone@justice.fr
CPH;69264;1;1139;Conseil de Prud'hommes de Villefranche-sur-Saône;350 BOULEVARD GAMBETTA;;69400;VILLEFRANCHE SUR SAONE;;4.715227;45.992992;0474656363;accueil.cph-villefranche-sur-saone@justice.fr
TBRTJ;69264;9;63746;Tribunal Paritaire des Baux Ruraux de Villefranche-sur-Saône;350 BOULEVARD GAMBETTA;;69400;VILLEFRANCHE SUR SAONE;;4.715227;45.992992;0474657699;
TCO;69264;1;398;Tribunal de Commerce de Villefranche-Tarare;350 BOULEVARD GAMBETTA;;69400;VILLEFRANCHE SUR SAONE;;4.715227;45.992992;0474090286;
TGI;70550;1;170;Tribunal judiciaire de Vesoul;4 PLACE DU PALAIS;;70000;VESOUL;;6.157891;47.623658;0384785800;accueil-vesoul@justice.fr
TE;70550;1;3038;Tribunal pour Enfants de Vesoul;PLACE DU PALAIS;;70000;VESOUL;;6.158005;47.62378;0384785800;
CASS;70550;9;574;Cour d'Assises de la Haute-Saône et du Territoire de Belfort;PLACE DU PALAIS;;70000;VESOUL;;6.158005;47.62378;0384785800;
CCD;70550;9;67416;Cour Criminelle Départementale de la Haute-Saône et du Territoire de Belfort;PLACE DU PALAIS;;70000;VESOUL;;6.158005;47.62378;03 84 78 58 00;
CDAD;70550;9;59043;Conseil départemental d'accès au droit de la Haute Saône;4 PLACE DU PALAIS;;70000;VESOUL;;6.157891;47.623658;0384785821;cdad-ht-saone@justice.fr
CPH;70550;1;1141;Conseil de Prud'hommes de Vesoul;20 Rue Didon;;70000;VESOUL;;6.149481;47.61528;0384760776;cph-vesoul@justice.fr
TBRTJ;70550;9;63462;Tribunal Paritaire des Baux Ruraux de Vesoul;14 PLACE DU 11EME CHASSEURS;;70000;VESOUL;;6.151421;47.620689;0384785800;
TCO;70550;9;19321;Tribunal de Commerce de Vesoul;20 RUE DIDON;;70000;VESOUL;;6.149377;47.615237;0384758270;
CPH;70310;1;1140;Conseil de Prud'hommes de Lure;60 AVENUE DE LA REPUBLIQUE;;70200;LURE;;6.494609;47.686428;0384302241;cph-lure@justice.fr et accueil-lure@justice.fr
TPRX;70310;9;63019;Tribunal de proximité de Lure;60 AVENUE DE LA REPUBLIQUE;;70200;LURE;;6.494609;47.686428;0384302241;accueil-lure@justice.fr
TE;71270;1;3054;Tribunal pour Enfants de Mâcon;8 RUE DE LA PREFECTURE;;71000;MACON;;4.832441;46.307673;0385399200;
TGI;71270;1;172;Tribunal judiciaire de Mâcon;8 RUE DE LA PREFECTURE;;71000;MACON;;4.832441;46.307673;0385399200;accueil-macon@justice.fr
CDAD;71270;9;59002;Conseil départemental d'accès au droit de la Saône-et-Loire;8 RUE DE LA PREFECTURE;;71000;MACON;;4.832441;46.307673;0385399206;cdad-saone-et-loire@justice.fr
CPH;71270;1;1145;Conseil de Prud'hommes de Mâcon;11 COURS MOREAU;;71000;MACON;;4.832843;46.308967;0385210030;cph-macon@justice.fr
TBRTJ;71270;9;63445;Tribunal Paritaire des Baux Ruraux de Mâcon;8 RUE DE LA PREFECTURE;;71000;MACON;;4.832441;46.307673;0385399240;
TCO;71270;1;405;Tribunal de Commerce de Mâcon;9 COURS MOREAU;;71000;MACON;;4.833152;46.309159;0385380485;rcs@greffe-tc-macon.fr
TE;71076;1;3047;Tribunal pour Enfants de Chalon-sur-Saône;RUE EMILAND MENAND;;71100;CHALON SUR SAONE;;4.854185;46.784815;0385937700;
TGI;71076;1;171;Tribunal judiciaire de Chalon-sur-Saône;RUE EMILAND MENAND;;71100;CHALON SUR SAONE;;4.854185;46.784815;0385937700;tj-chalon-sur-saone@justice.fr
CASS;71076;9;572;Cour d'Assises de la Saône-et-Loire;RUE EMILAND MENAND;;71100;CHALON SUR SAONE;;4.854185;46.784815;0385937700;
CCD;71076;9;67452;Cour Criminelle Départementale de la Saône-et-Loire;RUE EMILAND-MENAND;;71100;CHALON SUR SAONE;;4.854185;46.784815;03 85 93 77 00;
CPH;71076;1;1143;Conseil de Prud'hommes de Chalon-sur-Saône;4 RUE EMILAND MENAND;;71100;CHALON SUR SAONE;;4.85346;46.784789;0345778213;cph-chalon-sur-saone@justice.fr
TBRTJ;71076;9;63441;Tribunal Paritaire des Baux Ruraux de Chalon-sur-Saône;4 RUE EMILAND MENAND;;71100;CHALON SUR SAONE;;4.85346;46.784789; 0385937700;
TCO;71076;1;401;Tribunal de Commerce de Chalon-sur-Saône;4 RUE EMILAND MENAND;;71100;CHALON SUR SAONE;;4.85346;46.784789;0385900780;
TBRTJ;71153;9;63443;Tribunal Paritaire des Baux Ruraux du Creusot;20 RUE DE LA CHAISE;;71200;LE CREUSOT;;4.426992;46.805047;0385551016;
TPRX;71153;9;62989;Tribunal de proximité du Creusot;20 RUE DE LA CHAISE;;71200;LE CREUSOT;;4.426992;46.805047;0385551016;accueil-le-creusot@justice.fr
TE;72181;1;3063;Tribunal pour Enfants du Mans;1 AVENUE PIERRE MENDES-FRANCE;;72000;LE MANS;;0.199783;48.007;0243837801;
TGI;72181;1;173;Tribunal judiciaire du Mans;1 AVENUE PIERRE MENDES-FRANCE;;72000;LE MANS;;0.199783;48.007;0243837700;tj-le-mans@justice.fr
CASS;72181;9;570;Cour d'Assises de la Sarthe;1 AVENUE PIERRE MENDES-FRANCE;;72000;LE MANS;;0.199783;48.007;0243837700;
CCD;72181;9;67453;Cour Criminelle Départementale de la Sarthe;1 AVENUE PIERRE MENDES-FRANCE;;72000;LE MANS;;0.199783;48.007;02 43 83 77 00;
CDAD;72181;9;58996;Conseil départemental d'accès au droit de Sarthe;1 AVENUE PIERRE MENDES-FRANCE;;72000;LE MANS;;0.199783;48.007;0272911014;cdad72@gmail.com
CPH;72181;1;1147;Conseil de Prud'hommes du Mans;1 AVENUE PIERRE MENDES-FRANCE;;72000;LE MANS;;0.199783;48.007;0243837755;cph-le-mans@justice.fr
TAE;72181;9;79910;Tribunal des activités économiques du Mans;1 AVENUE PIERRE MENDES-FRANCE;;72000;LE MANS;;0.199783;48.007;0891011111;gtcsarthe@aol.com
TBRTJ;72181;9;63608;Tribunal Paritaire des Baux Ruraux du Mans;1 AVENUE PIERRE MENDES-FRANCE;;72000;LE MANS;;0.199783;48.007;0243837777;
TBRTJ;72154;9;63606;Tribunal Paritaire des Baux Ruraux de La Flèche;1 RUE SAINT-THOMAS;;72200;LA FLECHE;;-0.075871;47.699061;0243940415;
TPRX;72154;9;62998;Tribunal de proximité de La Flèche;1 RUE SAINT-THOMAS;;72200;LA FLECHE;;-0.075871;47.699061;0243940415;tprx-la-fleche@justice.fr
TE;73065;1;3076;Tribunal pour Enfants de Chambéry;PLACE DU PALAIS DE JUSTICE;;73000;CHAMBERY;;5.919101;45.56828;0479336009;tpe.chambery@justice.fr
TGI;73065;1;175;Tribunal judiciaire de Chambéry;PLACE DU PALAIS DE JUSTICE;;73000;CHAMBERY;;5.919101;45.56828;0479336009;accueil-chambery@justice.fr
CA;73065;1;24;Cour d'Appel de Chambéry;PLACE DU PALAIS DE JUSTICE;;73000;CHAMBERY;;5.919101;45.56828;0479336009;accueil-chambery@justice.fr
CASS;73065;1;2008;Cour d'Assises de la Savoie;PLACE DU PALAIS DE JUSTICE;;73000;CHAMBERY;;5.919101;45.56828;0479336009;
CCD;73065;9;67454;Cour Criminelle Départementale de la Savoie;PLACE DU PALAIS DE JUSTICE;;73000;CHAMBERY;;5.919101;45.56828;04 79 33 60 09;
CDAD;73065;9;58973;Conseil départemental d'accès au droit de Savoie;PLACE DU PALAIS DE JUSTICE;;73000;CHAMBERY;;5.919101;45.56828;0479336009;cdad-savoie@justice.fr
CPH;73065;1;1150;Conseil de Prud'hommes de Chambéry;PLACE DU PALAIS DE JUSTICE;;73000;CHAMBERY;;5.919101;45.56828;0479336009;cph-chambery@justice.fr
TBRTJ;73065;9;63758;Tribunal Paritaire des Baux Ruraux de Chambéry;PLACE DU PALAIS DE JUSTICE;;73000;CHAMBERY;;5.919101;45.56828;0479336009;
TCO;73065;1;409;Tribunal de Commerce de Chambéry;12 BOULEVARD DE LA COLONNE;;73000;CHAMBERY;;5.922869;45.567084;0479337225;
CPH;73008;1;1148;Conseil de Prud'hommes d'Aix-les-Bains;12 RUE ISALINE;;73100;AIX LES BAINS;;5.914304;45.685027;0479613724;cph-aix-les-bains@justice.fr
TGI;73011;1;174;Tribunal judiciaire d'Albertville;AVENUE DES CHASSEURS ALPINS;;73200;ALBERTVILLE;;6.390873;45.669312;0479324314;accueil-albertville@justice.fr
CPH;73011;1;1149;Conseil de Prud'hommes d'Albertville;6 AVENUE DES CHASSEURS ALPINS;;73200;ALBERTVILLE;;6.39157;45.673798;0479325930;cph-albertville@justice.fr
TBRTJ;73011;9;63756;Tribunal Paritaire des Baux Ruraux d'Albertville;5 AVENUE DES CHASSEURS ALPINS;;73200;ALBERTVILLE;;6.392676;45.674101;0479320477;
TE;74010;1;3086;Tribunal pour Enfants d'Annecy;51 RUE SOMMEILLER;;74000;ANNECY;;6.129701;45.90369;0450101700;tpe.annecy@justice.fr
TGI;74010;1;176;Tribunal judiciaire d'Annecy;51 RUE SOMMEILLER;;74000;ANNECY;;6.129701;45.90369;0450101700;accueil-annecy@justice.fr
CASS;74010;9;567;Cour d'Assises de la Haute-Savoie;19 AVENUE DU PARMELAN;;74000;ANNECY;;6.131988;45.905284;0450101700;
CCD;74010;9;67417;Cour Criminelle Départementale de la Haute-Savoie;19 AVENUE DU PARMELAN;;74000;ANNECY;;6.131988;45.905284;04 50 10 17 00;
CDAD;74010;9;58952;Conseil départemental d'accès au droit de Haute-Savoie;51 RUE SOMMEILLER;;74000;ANNECY;;6.129701;45.90369;0450101700;cdad-haute-savoie@justice.fr
CPH;74010;1;1151;Conseil de Prud'hommes d'Annecy;19 AVENUE DU PARMELAN;;74000;ANNECY;;6.131988;45.905284;0450337600;cph-annecy@justice.fr
TBRTJ;74010;9;63750;Tribunal Paritaire des Baux Ruraux d'Annecy;19 AVENUE DU PARMELAN;;74000;ANNECY;;6.131988;45.905284;0450333800;
TCO;74010;9;37485;Tribunal de commerce d'Annecy;19 AVENUE DU PARMELAN;;74000;ANNECY;;6.131988;45.905284;0450050545;
CPH;74012;1;1152;Conseil de Prud'hommes d'Annemasse;20 RUE LEANDRE VAILLAT;;74100;ANNEMASSE;;6.23757;46.189776;0450840550;accueil-annemasse@justice.fr
TBRTJ;74012;9;63760;Tribunal Paritaire des Baux Ruraux d'Annemasse;20 RUE LEANDRE VAILLAT;;74100;ANNEMASSE;;6.238055;46.190318;0450840550;
TPRX;74012;9;62957;Tribunal de proximité d'Annemasse;20 RUE LEANDRE VAILLAT;;74100;ANNEMASSE;;6.238055;46.190318;0450840550;accueil-annemasse@justice.fr
TE;74042;9;35099;Tribunal pour Enfants de Bonneville;18 QUAI DU PARQUET;;74130;BONNEVILLE;;6.406548;46.077097;0456309000;tpe.bonneville@justice.fr
TGI;74042;1;177;Tribunal judiciaire de Bonneville;QUAI DU PARQUET;;74130;BONNEVILLE;;6.406174;46.078043;0450254800;accueil-bonneville@justice.fr
CPH;74042;1;1153;Conseil de Prud'hommes de Bonneville;70 RUE DU CARROZ;;74130;BONNEVILLE;;6.407185;46.077055;0450971410;cph-bonneville@justice.fr
TBRTJ;74042;9;63752;Tribunal Paritaire des Baux Ruraux de Bonneville;18 QUAI DU PARQUET;;74130;BONNEVILLE;;6.406548;46.077097;0450254830;
TE;74281;9;20281;Tribunal pour Enfants de Thonon-les-Bains;10 RUE DE L'HOTEL DIEU;;74200;THONON LES BAINS;;6.479316;46.368715;0450812000;
TGI;74281;1;178;Tribunal judiciaire de Thonon-les-Bains;10 RUE DE L'HOTEL DIEU;;74200;THONON LES BAINS;;6.479316;46.368715;0450812000;accueil-thonon-les-bains@justice.fr
TBRTJ;74281;9;63754;Tribunal Paritaire des Baux Ruraux de Thonon-les-Bains;10 RUE DE L'HOTEL DIEU;;74200;THONON LES BAINS;;6.479316;46.368715;0450819820;
TCO;74281;9;37486;Tribunal de commerce de Thonon-les-Bains;10 RUE DE L'HOTEL DIEU;;74200;THONON LES BAINS;;6.479316;46.368715;0450721320;
CA;75101;9;14815;Cour d'Appel de Paris;8 BOULEVARD DU PALAIS;;75001;PARIS;;2.34514;48.85484;0144325252;
CAS;75101;9;2;Cour de cassation;5 QUAI DE L HORLOGE;;75001;PARIS;;2.344608;48.856667;0144325050;
CASS;75101;9;18;Cour d'Assises de Paris;34 QUAI DES ORFEVRES;;75001;PARIS;;2.343205;48.855367;0144325252;
CCD;75101;9;67447;Cour Criminelle Départementale de Paris;34 QUAI DES ORFEVRES;;75001;PARIS;;2.343205;48.855367;01 44 32 52 52;
CAA;75104;9;15276;Cour Administrative d'Appel de Paris;68 RUE FRANCOIS MIRON;;75004;PARIS;;2.358306;48.855256;0158289000;greffe.caa-paris@juradm.fr
TA;75104;9;15275;Tribunal Administratif de Paris;7 RUE DE JOUY;;75004;PARIS;;2.358375;48.854757;0144594400;greffe.ta-paris@juradm.fr
TAE;75104;9;79916;Tribunal des activités économiques de Paris;1 QUAI DE CORSE;;75004;PARIS;;2.346745;48.856015;0186867575;secretariat@tc-paris.org
CPH;75110;9;15272;Conseil de Prud'hommes de Paris;27 RUE LOUIS BLANC;;75010;PARIS;;2.366385;48.880348;0140385200;cph-paris@justice.fr
TE;75117;9;15269;Tribunal pour Enfants de Paris;29-45 avenue de la Porte de Clichy;;75017;PARIS;;2.310805;48.895297;0144325434;
TGI;75117;9;15273;Tribunal judiciaire de Paris;29-45 avenue de la Porte de Clichy;;75017;PARIS;;2.310805;48.895297;0144325151;accueil-paris@justice.fr
CDAD;75117;9;59019;Conseil départemental d'accès au droit de Paris;29-45 avenue de la Porte de Clichy;;75017;PARIS;;2.310805;48.895297;0144326526;
TE;76540;1;3126;Tribunal pour Enfants de Rouen;31/33 RUE AUX JUIFS;;76000;ROUEN;;1.092952;49.44179;0235528752;
TGI;76540;1;182;Tribunal judiciaire de Rouen;34 RUE AUX JUIFS;;76000;ROUEN;;1.092166;49.442132;0235528752;tj-rouen@justice.fr
CA;76540;1;26;Cour d'Appel de Rouen;36 RUE AUX JUIFS;;76000;ROUEN;;1.092452;49.44206;0235528752;
CASS;76540;1;2018;Cour d'Assises de la Seine-Maritime;36 RUE AUX JUIFS;;76000;ROUEN;;1.092452;49.44206;0235528752;
CCD;76540;9;62844;Cour Criminelle Départementale de la Seine-Maritime;36 RUE AUX JUIFS;;76000;ROUEN;;1.092452;49.44206;0235528752;
CDAD;76540;9;59029;Conseil départemental d'accès au droit de Seine Maritime;1 PLACE FOCH;;76000;ROUEN;;1.091395;49.44223;0232082149;Cdad-seine-maritime@justice.fr
CPH;76540;1;1161;Conseil de Prud'hommes de Rouen;1 PLACE DE LA MADELEINE;;76000;ROUEN;;1.078998;49.445549;0235079450;cph-rouen@justice.fr
TA;76540;9;3957;Tribunal Administratif de Rouen;53 AVENUE GUSTAVE FLAUBERT;;76000;ROUEN;;1.083702;49.444832;0232081270;greffe.ta-rouen@juradm.fr
TBRTJ;76540;9;63771;Tribunal Paritaire des Baux Ruraux de Rouen;20-22 RUE DE CROSNE;;76000;ROUEN;;1.086543;49.44379; 0276278560;
TCO;76540;1;418;Tribunal de Commerce de Rouen;4 PASSAGE DE LA LUCILINE;;76000;ROUEN;;1.068402;49.445031;0235714295;
TE;76217;9;14551;Tribunal pour Enfants de Dieppe;SQUARE CARNOT;;76200;DIEPPE;;1.073612;49.923141;0235827555;
TGI;76217;1;180;Tribunal judiciaire de Dieppe;SQUARE CARNOT;;76200;DIEPPE;;1.073612;49.923141;0232146400;tj1-dieppe@justice.fr
CPH;76217;1;1157;Conseil de Prud'hommes de Dieppe;54 RUE DU FAUBOURG DE LA BARRE;;76200;DIEPPE;;1.070261;49.92238;0235843291;cph-dieppe@justice.fr
TBRTJ;76217;9;63767;Tribunal Paritaire des Baux Ruraux de Dieppe;SQUARE CARNOT;;76200;DIEPPE;;1.073612;49.923141;0235841308;
TCO;76217;1;411;Tribunal de Commerce de Dieppe;54 RUE DU FAUBOURG DE LA BARRE;;76200;DIEPPE;;1.070261;49.92238;0235841187;
TGI;76351;1;181;Tribunal judiciaire du Havre;133 BOULEVARD DE STRASBOURG;;76600;LE HAVRE;;0.117369;49.493097;0232925700;tj1-le-havre@justice.fr
TE;76351;1;3119;Tribunal pour Enfants du Havre;16 RUE DU COLONEL FABIEN;;76600;LE HAVRE;;0.120147;49.49146;0232925740;
CPH;76351;1;1160;Conseil de Prud'hommes du Havre;16 RUE DU COLONEL FABIEN;;76600;LE HAVRE;;0.120147;49.49146;0232749180;cph-le-havre@justice.fr
TAE;76351;9;79918;Tribunal des activités économiques du Havre;16 RUE DU COLONEL FABIEN;;76600;LE HAVRE;;0.120147;49.49146;0235421550;presidence.lehavre@greffe-tc.net
TBRTJ;76351;9;63769;Tribunal Paritaire des Baux Ruraux du Havre;3 RUE DU 129EME RI;;76600;LE HAVRE;;0.162856;49.520448;0235197300;
TE;77288;1;3147;Tribunal pour Enfants de Melun;2 AVENUE DU GENERAL LECLERC;;77000;MELUN;;2.652454;48.526772;0164798037;
TGI;77288;1;185;Tribunal judiciaire de Melun;2 AVENUE DU GENERAL LECLERC;;77000;MELUN;;2.652454;48.526772;0164798000;tj1-melun@justice.fr
CASS;77288;9;565;Cour d'Assises de la Seine-et-Marne;2 AVENUE DU GENERAL LECLERC;;77000;MELUN;;2.652454;48.526772;0164798000;
CCD;77288;9;67468;Cour Criminelle Départementale de la Seine-et-Marne;2 AVENUE DU GENERAL LECLERC;;77000;MELUN;;2.652454;48.526772;0164798000;
CDAD;77288;9;59005;Conseil départemental d'accès au droit de Seine-et-Marne;2 AVENUE DU GENERAL LECLERC;;77000;MELUN;;2.652454;48.526772;0164798139;
CPH;77288;1;1164;Conseil de Prud'hommes de Melun;2 AVENUE DU GENERAL LECLERC;;77000;MELUN;;2.652454;48.526772;0164798350;cph-melun@justice.fr
TA;77288;9;18795;Tribunal Administratif de Melun;43 RUE DU GENERAL DE GAULLE;;77000;MELUN;;2.660397;48.542334;0160566630;
TBRTJ;77288;9;63870;Tribunal Paritaire des Baux Ruraux de Melun;2 AVENUE DU GENERAL LECLERC;;77000;MELUN;;2.652454;48.526772;0164798300;
TCO;77288;1;421;Tribunal de Commerce de Melun;2 AVENUE DU GENERAL LECLERC;;77000;MELUN;;2.652454;48.526772;0164798400;
TE;77284;1;3138;Tribunal pour Enfants de Meaux;44 AVENUE SALVADOR ALLENDE;;77100;MEAUX;;2.889129;48.955755;0160097500;
TGI;77284;1;184;Tribunal judiciaire de Meaux;44 AVENUE SALVADOR ALLENDE;;77100;MEAUX;;2.889129;48.955755;0160097682;tj-meaux@justice.fr
CPH;77284;1;1163;Conseil de Prud'hommes de Meaux;44 AVENUE SALVADOR ALLENDE;;77100;MEAUX;;2.889129;48.955755;0160097660;cph-meaux@justice.fr
TBRTJ;77284;9;63868;Tribunal Paritaire des Baux Ruraux de Meaux;AVENUE SALVADOR ALLENDE;;77100;MEAUX;;2.890619;48.955492;0160097682;
TCO;77284;1;420;Tribunal de Commerce de Meaux;56 RUE ARISTIDE BRIAND;;77100;MEAUX;;2.889581;48.956206;0160258520;
TGI;77186;1;183;Tribunal judiciaire de Fontainebleau;159 RUE GRANDE;;77300;FONTAINEBLEAU;;2.704048;48.409468;0160712300;tj1-fontainebleau@justice.fr
CPH;77186;1;1162;Conseil de Prud'hommes de Fontainebleau;2 PLACE DE LA REPUBLIQUE;;77300;FONTAINEBLEAU;;2.701114;48.406622;0160745410;cph-fontainebleau@justice.fr
TBRTJ;77186;9;63864;Tribunal Paritaire des Baux Ruraux de Fontainebleau;159 RUE GRANDE;;77300;FONTAINEBLEAU;;2.704048;48.409468;0160749080;
TBRTJ;77243;9;63866;Tribunal Paritaire des Baux Ruraux de Lagny-sur-Marne;108 RUE SAINT-DENIS;;77400;LAGNY SUR MARNE;;2.707418;48.87893;0164124800;
TPRX;77243;9;63015;Tribunal de proximité de Lagny-sur-Marne;108 RUE SAINT-DENIS;;77400;LAGNY SUR MARNE;;2.707418;48.87893;0164124800;tprx-lagny-sur-marne@justice.fr
TE;78646;1;3154;Tribunal pour Enfants de Versailles;3 AVENUE DE L'EUROPE;;78000;VERSAILLES;;2.13026;48.803427;0139073907;
TGI;78646;1;186;Tribunal judiciaire de Versailles;5 PLACE ANDRE MIGNOT;;78000;VERSAILLES;;2.131024;48.803353;0139073907;tj1-versailles@justice.fr
CA;78646;1;27;Cour d'Appel de Versailles;5 RUE CARNOT;;78000;VERSAILLES;;2.126378;48.806523;0139496789;
CAA;78646;9;35108;Cour Administrative d'Appel de Versailles;2 ESPLANADE GRAND SIECLE;;78000;VERSAILLES;;2.096023;48.81245;0130844700; greffe.caa-versailles@juradm.fr
CASS;78646;1;2023;Cour d'Assises des Yvelines;5 RUE CARNOT;;78000;VERSAILLES;;2.126378;48.806523;0139496789;
CCD;78646;9;62846;Cour Criminelle Départementale des Yvelines;5 RUE CARNOT;;78000;VERSAILLES;;2.126378;48.806523;0139496888;
CDAD;78646;9;59042;Conseil départemental d'accès au droit des Yvelines;5 PLACE ANDRE MIGNOT;;78000;VERSAILLES;;2.131024;48.803353;0139073803;cdad-yvelines@justice.fr
CPH;78646;1;1169;Conseil de Prud'hommes de Versailles;5 PLACE ANDRE MIGNOT;;78000;VERSAILLES;;2.131024;48.803353;0139073998;cph-versailles@justice.fr
TA;78646;9;3959;Tribunal Administratif de Versailles;56 AVENUE DE SAINT-CLOUD;;78000;VERSAILLES;;2.138634;48.805241;0139205400;greffe.ta-versailles@juradm.fr
TAE;78646;9;79920;Tribunal des activités économiques de Versailles;1 PLACE ANDRE MIGNOT;;78000;VERSAILLES;;2.130552;48.802682;0139071640;
TBRTJ;78646;9;63785;Tribunal Paritaire des Baux Ruraux de Versailles;5 PLACE ANDRE MIGNOT;;78000;VERSAILLES;;2.131024;48.803353;0139073940;
CPH;78551;1;1168;Conseil de Prud'hommes de Saint-Germain-en-Laye;2 RUE STEPHANE MONY;;78100;ST GERMAIN EN LAYE;;2.074941;48.899526;0134519464;cph-st-germain-en-laye@justice.fr
TBRTJ;78551;9;63783;Tribunal Paritaire des Baux Ruraux de Saint-Germain-en-Laye;22 RUE DE LA MAISON VERTE;;78100;ST GERMAIN EN LAYE;;2.080436;48.89357;0130874210;
TPRX;78551;9;63004;Tribunal de proximité de Saint-Germain-en-Laye;22 RUE DE LA MAISON VERTE;;78100;ST GERMAIN EN LAYE;;2.080436;48.89357;0130874210;tprx-sgl@justice.fr
CPH;78517;1;1167;Conseil de Prud'hommes de Rambouillet;56 RUE GAMBETTA;;78120;RAMBOUILLET;;1.823758;48.647988;0130462960;cph-rambouillet@justice.fr
TBRTJ;78517;9;63781;Tribunal Paritaire des Baux Ruraux de Rambouillet;56 RUE GAMBETTA;;78120;RAMBOUILLET;;1.823758;48.647988;0130462960;
TPRX;78517;9;63052;Tribunal de proximité de Rambouillet;56 RUE GAMBETTA;;78120;RAMBOUILLET;;1.823758;48.647988;0130462960;tprx-rambouillet@justice.fr
CPH;78361;1;1165;Conseil de Prud'hommes de Mantes-la-Jolie;20 AVENUE DE LA REPUBLIQUE;;78200;MANTES LA JOLIE;;1.712843;48.989829;0130981400;cph-mantes-la-jolie@justice.fr
TBRTJ;78361;9;63777;Tribunal Paritaire des Baux Ruraux de Mantes-la-Jolie;20 AVENUE DE LA REPUBLIQUE;;78200;MANTES LA JOLIE;;1.712843;48.989829;0130981400;
TPRX;78361;9;63021;Tribunal de proximité de Mantes-la-Jolie;20 AVENUE DE LA REPUBLIQUE;;78200;MANTES LA JOLIE;;1.712843;48.989829;0130981400;tprx-mantes-la-jolie@justice.fr
CPH;78498;1;1166;Conseil de Prud'hommes de Poissy;91 AVENUE MAURICE BERTEAUX;;78300;POISSY;;2.04235;48.932981;0130746202;cph-poissy@justice.fr
TBRTJ;78498;9;63779;Tribunal Paritaire des Baux Ruraux de Poissy;89 AVENUE MAURICE BERTEAUX;;78300;POISSY;;2.042265;48.932943;0139650535;
TPRX;78498;9;63048;Tribunal de proximité de Poissy;89 AVENUE MAURICE BERTEAUX;;78300;POISSY;;2.042265;48.932943;0139650535;tprx-poissy@justice.fr
TE;79191;1;3169;Tribunal pour Enfants de Niort;2 RUE DU PALAIS;;79000;NIORT;;-0.465967;46.323525;0549772250;
TGI;79191;1;188;Tribunal judiciaire de Niort;2 RUE DU PALAIS;;79000;NIORT;;-0.465967;46.323525;0516640800;tj1-niort@justice.fr
CASS;79191;9;3136;Cour d'Assises des Deux-Sèvres;2 RUE DU PALAIS;;79000;NIORT;;-0.465967;46.323525;0549772250;
CCD;79191;9;67401;Cour Criminelle Départementale des Deux-Sèvres;2 RUE DU PALAIS;;79000;NIORT;;-0.465967;46.323525;05 49 77 22 50;
CDAD;79191;9;59017;Conseil départemental d'accès au droit des Deux-Sèvres;2 RUE DU PALAIS;;79000;NIORT;;-0.465967;46.323525;0549772256;cdad-deux-sevres@justice.fr
CPH;79191;1;1170;Conseil de Prud'hommes de Niort;11-13 rue de l'Hôtel de Ville;;79000;NIORT;;-0.463923;46.324456;0516640800;cph-niort@justice.fr
TBRTJ;79191;9;63827;Tribunal Paritaire des Baux Ruraux de Niort;18 RUE MARCEL PAUL;;79000;NIORT;;-0.456154;46.325272;0549054540;
TCO;79191;1;425;Tribunal de Commerce de Niort;18 RUE MARCEL PAUL;;79000;NIORT;;-0.456154;46.325272;0549791440;
CPH;79329;1;1171;Conseil de Prud'hommes de Thouars;2 RUE JULES FERRY;;79100;THOUARS;;-0.217319;46.976534;0516646510;cph-thouars@justice.fr
TBRTJ;79049;9;63825;Tribunal Paritaire des Baux Ruraux de Bressuire;19 BOULEVARD ALBERT 1ER;;79300;BRESSUIRE;;-0.489479;46.839579;0549658732;
TPRX;79049;9;62974;Tribunal de proximité de Bressuire;19 BOULEVARD ALBERT 1ER;;79300;BRESSUIRE;;-0.489479;46.839579;0549658732;tprx-bressuire@justice.fr
TGI;80021;1;190;Tribunal judiciaire d'Amiens;14 RUE ROBERT DE LUZARCHES;;80000;AMIENS;;2.300877;49.892858;0322823500;accueil-amiens@justice.fr
TE;80021;1;3181;Tribunal pour Enfants d'Amiens;8 RUE PIERRE DUBOIS;;80000;AMIENS;;2.301628;49.892139;0322823500;
CA;80021;1;28;Cour d'Appel d'Amiens;14 RUE ROBERT DE LUZARCHES;;80000;AMIENS;;2.300877;49.892858;0322823500;accueil-amiens@justice.fr
CASS;80021;1;2028;Cour d'Assises de la Somme;14 RUE ROBERT DE LUZARCHES;;80000;AMIENS;;2.300877;49.892858;0322823500;
CCD;80021;9;67456;Cour Criminelle Départementale de la Somme;14 RUE ROBERT DE LUZARCHES;;80000;AMIENS;;2.300877;49.892858;03 22 82 35 00;
CDAD;80021;9;58949;Conseil départemental d'accès au droit de la Somme;14 RUE ROBERT DE LUZARCHES;;80000;AMIENS;;2.300877;49.892858; 0322823500;contact@cdad-somme.fr
CPH;80021;1;1173;Conseil de Prud'hommes d'Amiens;18 RUE LAMARTINE;;80000;AMIENS;;2.304927;49.89193;0322824650;cph-amiens@justice.fr
TA;80021;9;3960;Tribunal Administratif d'Amiens;14 RUE LEMERCHIER;;80000;AMIENS;;2.299652;49.88682;0322336170;
TBRTJ;80021;9;63813;Tribunal Paritaire des Baux Ruraux d'Amiens;14 RUE ROBERT DE LUZARCHES;;80000;AMIENS;;2.300877;49.892858;0322824500;
TCO;80021;1;427;Tribunal de Commerce d'Amiens;18 RUE LAMARTINE;;80000;AMIENS;;2.304927;49.89193;0322914323;
CPH;80001;1;1172;Conseil de Prud'hommes d'Abbeville;79 RUE DU MARECHAL FOCH;;80100;ABBEVILLE;;1.83723;50.103833;0322253731;accueil-abbeville@justice.fr
TBRTJ;80001;9;63811;Tribunal Paritaire des Baux Ruraux d'Abbeville;79 RUE DU MARECHAL FOCH;;80100;ABBEVILLE;;1.83723;50.103833;0322253730;
TPRX;80001;9;62954;Tribunal de proximité d'Abbeville;79 RUE DU MARECHAL FOCH;;80100;ABBEVILLE;;1.83723;50.103833;0322253730;accueil-abbeville@justice.fr
CPH;80620;1;1175;Conseil de Prud'hommes de Péronne;57 RUE SAINT-FURSY;;80200;PERONNE;;2.931609;49.926714;0322847280;cph-peronne@justice.fr
TBRTJ;80620;9;63815;Tribunal Paritaire des Baux Ruraux de Péronne;57 RUE SAINT-FURSY;;80200;PERONNE;;2.931609;49.926714;0322847280;
TPRX;80620;9;63046;Tribunal de proximité de Péronne;57 RUE SAINT-FURSY;;80200;PERONNE;;2.931609;49.926714;0322847280;accueil-peronne@justice.fr
TE;81004;1;3196;Tribunal pour Enfants d'Albi;PLACE DU PALAIS;;81000;ALBI;;2.145867;43.926685;0563494980;
TGI;81004;1;192;Tribunal judiciaire d'Albi;PLACE LAPEROUSE;;81000;ALBI;;2.144835;43.925294;0563494980;tj-albi@justice.fr
CASS;81004;9;557;Cour d'Assises du Tarn;PLACE DU PALAIS;;81000;ALBI;;2.145867;43.926685;0563494980;
CCD;81004;9;67457;Cour Criminelle Départementale du Tarn;PLACE DU PALAIS;;81000;ALBI;;2.145867;43.926685;05 63 49 49 80;
CDAD;81004;9;58947;Conseil départemental d'accès au droit du Tarn;PLACE LAPEROUSE;;81000;ALBI;;2.144835;43.925294;0563492698;cdad.81@orange.fr
CPH;81004;1;1176;Conseil de Prud'hommes d'Albi;PLACE LAPEROUSE;;81000;ALBI;;2.097613;43.918827;0563494980;cph-albi@justice.fr
TBRTJ;81004;9;63495;Tribunal Paritaire des Baux Ruraux d'Albi;PLACE DU PALAIS;;81000;ALBI;;2.145867;43.926685;0563541512;
TCO;81004;1;429;Tribunal de Commerce d'Albi;PLACE DU PALAIS;;81000;ALBI;;2.145867;43.926685;0563540083;
TE;81065;9;20270;Tribunal pour Enfants de Castres;4 RUE DU PALAIS;;81100;CASTRES;;2.23813;43.605773;0563519300;
TGI;81065;1;193;Tribunal judiciaire de Castres;4 RUE DU PALAIS;;81100;CASTRES;;2.23813;43.605773;0563519300;tj-castres@justice.fr
CPH;81065;1;1177;Conseil de Prud'hommes de Castres;17 RUE DE LA TOLOSANE;;81100;CASTRES;;2.237684;43.605263;0563593018;cph-castres@justice.fr
TBRTJ;81065;9;63497;Tribunal Paritaire des Baux Ruraux de Castres;4 RUE DU PALAIS;;81100;CASTRES;;2.23813;43.605773;0563519300;
TCO;81065;1;430;Tribunal de Commerce de Castres;3 RUE DE LA PLATE;;81100;CASTRES;;2.239144;43.604929;0563625880;
TE;82121;1;3210;Tribunal pour Enfants de Montauban;PLACE DU COQ;;82000;MONTAUBAN;;1.353452;44.016837;0563214000;
TGI;82121;1;194;Tribunal judiciaire de Montauban;PLACE DU COQ;;82000;MONTAUBAN;;1.353452;44.016837;0563214000;accueil-tj-montauban@justice.fr
CASS;82121;9;559;Cour d'Assises du Tarn-et-Garonne;PLACE DU COQ;;82000;MONTAUBAN;;1.353452;44.016837;0563214000;
CCD;82121;9;67458;Cour Criminelle Départementale du Tarn-et-Garonne;PLACE DU COQ;;82000;MONTAUBAN;;1.353452;44.016837;05 63 21 40 00;
CDAD;82121;9;59008;Conseil départemental d'accès au droit du Tarn-et-Garonne;5 PLACE DU COQ;;82000;MONTAUBAN;;1.353347;44.0169;0563214000;cdad82@orange.fr
CPH;82121;1;1180;Conseil de Prud'hommes de Montauban;PLACE DU COQ;;82000;MONTAUBAN;;1.353452;44.016837;0563635113;cph-montauban@justice.fr
TBRTJ;82121;9;63501;Tribunal Paritaire des Baux Ruraux de Montauban;5 PLACE DU COQ;;82000;MONTAUBAN;;1.353347;44.0169;0563214000;
TCO;82121;1;431;Tribunal de Commerce de Montauban;2 PLACE ANTOINE BOURDELLE;;82000;MONTAUBAN;;1.35105;44.017084;0563632088;
TBRTJ;82033;9;63499;Tribunal Paritaire des Baux Ruraux de Castelsarrasin;2 TER RUE DE LA FRATERNITE;;82100;CASTELSARRASIN;;1.10627;44.040744;0563327210;
TPRX;82033;9;62979;Tribunal de proximité de Castelsarrasin;1 BIS BOULEVARD DU 04 SEPTEMBRE;;82100;CASTELSARRASIN;;1.107702;44.040382;0563214001;tprx-castelsarrasin@justice.fr
TE;83137;1;3224;Tribunal pour Enfants de Toulon;140 BD MARECHAL LECLERC;;83000;TOULON;;5.927549;43.126247;0494189000;tpe.toulon@justice.fr
TGI;83137;1;196;Tribunal judiciaire de Toulon;PLACE GABRIEL PERI;;83000;TOULON;;5.925633;43.126254;0494096000;accueil-toulon@justice.fr
CDAD;83137;9;59035;Conseil départemental d'accès au droit du Var;PLACE GABRIEL PERI;;83000;TOULON;;5.925633;43.126254;0494929191;cdad.tgi-toulon@justice.fr
CPH;83137;1;1183;Conseil de Prud'hommes de Toulon;114 AVENUE LAZARE CARNOT;;83000;TOULON;;5.925115;43.127569;0422801543;cph-toulon@justice.fr
TA;83137;9;37405;Tribunal Administratif de Toulon;5 RUE RACINE;;83000;TOULON;;5.932235;43.124489;0494427930;greffe.ta-toulon@juradm.fr
TBRTJ;83137;9;63399;Tribunal Paritaire des Baux Ruraux de Toulon;140 BD GENERAL LECLERC;;83000;TOULON;;5.953955;43.12487;0494189312;
TCO;83137;1;436;Tribunal de Commerce de Toulon;140 BD MARECHAL LECLERC;;83000;TOULON;;5.927549;43.126247;0494185490;
TBRTJ;83023;9;63393;Tribunal Paritaire des Baux Ruraux de Brignoles;174 ROUTE DU VAL;;83170;BRIGNOLES;;6.069464;43.416025;0494696383;
TPRX;83023;9;62975;Tribunal de proximité de Brignoles;174 ROUTE DU VAL;;83170;BRIGNOLES;;6.069464;43.416025;0494696383;accueil-brignoles@justice.fr
TE;83050;9;19319;Tribunal pour Enfants de Draguignan;11 RUE PIERRE CLEMENT;;83300;DRAGUIGNAN;;6.465502;43.536805;0494605700/P5625;
TGI;83050;1;195;Tribunal judiciaire de Draguignan;11 RUE PIERRE CLEMENT;;83300;DRAGUIGNAN;;6.465502;43.536805;0494605700;accueil-draguignan@justice.fr
CASS;83050;9;539;Cour d'Assises du Var;11 RUE PIERRE CLEMENT;;83300;DRAGUIGNAN;;6.465502;43.536805;0494605700;
CCD;83050;9;67460;Cour Criminelle Départementale du Var;11 RUE PIERRE CLEMENT;;83300;DRAGUIGNAN;;6.465502;43.536805;04 94 60 57 00;
CPH;83050;1;1181;Conseil de Prud'hommes de Draguignan;11 RUE PIERRE CLEMENT;;83300;DRAGUIGNAN;;6.465502;43.536805;0494605700;cph-draguignan@justice.fr
TBRTJ;83050;9;63395;Tribunal Paritaire des Baux Ruraux de Draguignan;11 RUE PIERRE CLEMENT;;83300;DRAGUIGNAN;;6.465502;43.536805;0494605700;
TCO;83050;1;433;Tribunal de Commerce de Draguignan;11 RUE PIERRE CLEMENT;;83300;DRAGUIGNAN;;6.465502;43.536805;0494508327;
CPH;83061;1;1182;Conseil de Prud'hommes de Fréjus;272 RUE JEAN-JAURES;;83600;FREJUS;;6.735968;43.433578;0494523206;cph-frejus@justice.fr
TBRTJ;83061;9;63397;Tribunal Paritaire des Baux Ruraux de Fréjus;268 RUE JEAN-JAURES;;83600;FREJUS;;6.735968;43.433578;0494445410;
TCO;83061;1;434;Tribunal de Commerce de Fréjus;272 RUE JEAN-JAURES;;83600;FREJUS;;6.735968;43.433578;0494536168;
TPRX;83061;9;63003;Tribunal de proximité de Fréjus;268 RUE JEAN-JAURES;;83600;FREJUS;;6.735968;43.433578;0494445410;accueil-frejus@justice.fr
TE;84007;1;3231;Tribunal pour Enfants d'Avignon;2 BOULEVARD LIMBERT;;84000;AVIGNON;;4.816159;43.944793;0432747508;
TGI;84007;1;197;Tribunal judiciaire d'Avignon;2 BOULEVARD LIMBERT;;84000;AVIGNON;;4.816159;43.944793;0432747400;tj-avignon@justice.fr
CASS;84007;9;537;Cour d'Assises du Vaucluse;2 BOULEVARD LIMBERT;;84000;AVIGNON;;4.816159;43.944793;0432747400/80;
CCD;84007;9;67461;Cour Criminelle Départementale du Vaucluse;2 BOULEVARD LIMBERT;;84000;AVIGNON;;4.816159;43.944793;0432747400/80;
CDAD;84007;9;58956;Conseil départemental d'accès au droit du Vaucluse;2 BOULEVARD LIMBERT;;84000;AVIGNON;;4.816159;43.944793;0432747400;cdad.vaucluse@justice.fr
CPH;84007;1;1184;Conseil de Prud'hommes d'Avignon;2 BOULEVARD LIMBERT;;84000;AVIGNON;;4.816159;43.944793;0432747402;cph-avignon@justice.fr
TAE;84007;9;79914;Tribunal des activités économiques d'Avignon;2 BOULEVARD LIMBERT;;84000;AVIGNON;;4.816159;43.944793;0490143182;
TBRTJ;84007;9;63476;Tribunal Paritaire des Baux Ruraux d'Avignon;2 BOULEVARD LIMBERT;;84000;AVIGNON;;4.816159;43.944793;0432747416;
CPH;84087;1;1186;Conseil de Prud'hommes d'Orange;RUE DE TOURRE;;84100;ORANGE;;4.8066;44.135402;0490347000;cph-orange@justice.fr
TBRTJ;84087;9;63480;Tribunal Paritaire des Baux Ruraux d'Orange;RUE DE TOURRE;;84100;ORANGE;;4.8066;44.135402;0490111190;
TPRX;84087;9;63041;Tribunal de proximité d'Orange;RUE DE TOURRE;;84100;ORANGE;;4.8066;44.135402;0490111190;tprx-orange@justice.fr
TBRTJ;84089;9;63483;Tribunal Paritaire des Baux Ruraux de Pertuis;PLACE DU 4 SEPTEMBRE;;84120;PERTUIS;;5.501249;43.69427;0490792116;
TPRX;84089;9;63047;Tribunal de proximité de Pertuis;PLACE DU 4 SEPTEMBRE;;84120;PERTUIS;;5.501249;43.69427;0490792116;tprx-pertuis@justice.fr
TE;84031;9;20269;Tribunal pour Enfants de Carpentras;52 PLACE CHARLES DE GAULLE;;84200;CARPENTRAS;;5.047132;44.054754;0490362331;
TGI;84031;1;198;Tribunal judiciaire de Carpentras;52 PLACE CHARLES DE GAULLE;;84200;CARPENTRAS;;5.047132;44.054754;0490636600;tj-carpentras@justice.fr
TBRTJ;84031;9;63478;Tribunal Paritaire des Baux Ruraux de Carpentras;PLACE DU GENERAL DE GAULLE;;84200;CARPENTRAS;;5.04718;44.054383;0490631297;
TE;85191;1;3248;Tribunal pour Enfants de La Roche-Sur-Yon;55 BOULEVARD ARISTIDE BRIAND;;85000;LA ROCHE SUR YON;;-1.432146;46.671222;0251476100;
TGI;85191;1;199;Tribunal judiciaire de La Roche-sur-Yon;55 BOULEVARD ARISTIDE BRIAND;;85000;LA ROCHE SUR YON;;-1.432146;46.671222;0244408600;accueil-la-roche-sur-yon@justice.fr
CASS;85191;9;535;Cour d'Assises de la Vendée;55 BOULEVARD ARISTIDE BRIAND;;85000;LA ROCHE SUR YON;;-1.432146;46.671222;0251476100;
CCD;85191;9;67462;Cour Criminelle Départementale de la Vendée;55 BOULEVARD ARISTIDE BRIAND;;85000;LA ROCHE SUR YON;;-1.432146;46.671222;02 51 47 61 00;
CDAD;85191;9;58993;Conseil départemental d'accès au droit de Vendée;55 BOULEVARD ARISTIDE BRIAND;;85000;LA ROCHE SUR YON;;-1.432146;46.671222;0251476100;cdad-vendee@justice.fr
CPH;85191;1;1187;Conseil de Prud'hommes de La Roche-sur-Yon;18 IMPASSE GASTON CHAVATTE;;85000;LA ROCHE SUR YON;;-1.450947;46.682365;0244408700;cph-la-roche-sur-yon@justice.fr
TBRTJ;85191;9;63831;Tribunal Paritaire des Baux Ruraux de La Roche-sur-Yon;55 BOULEVARD ARISTIDE BRIAND;;85000;LA ROCHE SUR YON;;-1.432146;46.671222;0251053131;
TCO;85191;1;438;Tribunal de Commerce de La Roche-Sur-Yon;55 RUE HOCHE;;85000;LA ROCHE SUR YON;;-1.433945;46.671618;0251376705;
TGI;85194;1;200;Tribunal judiciaire des Sables-d'Olonne;PLACE DU PALAIS DE JUSTICE;;85100;LES SABLES D OLONNE;;-1.788397;46.495104;0249590200;tj-les-sables-d'olonne@justice.fr
CPH;85194;1;1188;Conseil de Prud'hommes des Sables d'Olonne;20 RUE NICOT;;85100;LES SABLES D OLONNE;;-1.783567;46.498625;0249590275;cph-les-sables-d'olonne@justice.fr
TBRTJ;85194;9;63833;Tribunal Paritaire des Baux Ruraux des Sables-d'Olonne;20 RUE NICOT;;85100;LES SABLES D OLONNE;;-1.783567;46.498625;0251951045;
TBRTJ;85092;9;63829;Tribunal Paritaire des Baux Ruraux de Fontenay-le-Comte;26 RUE RABELAIS;;85200;FONTENAY LE COMTE;;-0.811605;46.467681;0251690033;
TPRX;85092;9;63001;Tribunal de proximité de Fontenay-le-Comte;26 RUE RABELAIS;;85200;FONTENAY LE COMTE;;-0.811605;46.467681;0244408760;tprx-fontenay-le-comte@justice.fr
TE;86194;1;3260;Tribunal pour Enfants de Poitiers;4 BD MARECHAL DE LATTRE DE TASSIGNY;;86000;POITIERS;;0.349747;46.585085;0516080678;
TGI;86194;1;201;Tribunal judiciaire de Poitiers;4 BD MARECHAL DE LATTRE DE TASSIGNY;;86000;POITIERS;;0.349747;46.585085;0516080678;accueil-poitiers@justice.fr
CA;86194;1;29;Cour d'Appel de Poitiers;4 BD MARECHAL DE LATTRE DE TASSIGNY;;86000;POITIERS;;0.349747;46.585085;0516080678;ca-poitiers@justice.fr
CASS;86194;1;2033;Cour d'Assises de la Vienne;10 PLACE ALPHONSE LEPETIT;;86000;POITIERS;;0.342025;46.583004;0549502200;
CCD;86194;9;67463;Cour Criminelle Départementale de la Vienne;10 PLACE ALPHONSE LEPETIT;;86000;POITIERS;;0.342025;46.583004;05 49 50 22 00;
CDAD;86194;9;59023;Conseil départemental d'accès au droit de la Vienne;4 BD MARECHAL DE LATTRE DE TASSIGNY;;86000;POITIERS;;0.349747;46.585085;0516080678;cdad-vienne@justice.fr
CPH;86194;1;1190;Conseil de Prud'hommes de Poitiers;4 BD MARECHAL DE LATTRE DE TASSIGNY;;86000;POITIERS;;0.349747;46.585085;0516080678;cph-poitiers@justice.fr
TA;86194;9;3962;Tribunal Administratif de Poitiers;15 RUE BLOSSAC;;86000;POITIERS;;0.336839;46.576305;0549607919;greffe.ta-poitiers@juradm.fr
TBRTJ;86194;9;63837;Tribunal Paritaire des Baux Ruraux de Poitiers;21 RUE SAINT LOUIS;;86000;POITIERS;;0.340404;46.584021;0549605550;
TCO;86194;1;440;Tribunal de Commerce de Poitiers;4 BD MARECHAL DE LATTRE DE TASSIGNY;;86000;POITIERS;;0.349747;46.585085;0891011111;
TBRTJ;86066;9;63835;Tribunal Paritaire des Baux Ruraux de Châtellerault;1 AVENUE GEORGES CLEMENCEAU;;86100;CHATELLERAULT;;0.549506;46.817649;0549210633;
TPRX;86066;9;62981;Tribunal de proximité de Châtellerault;1 AVENUE GEORGES CLEMENCEAU BP 30630;;86100;CHATELLERAULT;;0.549506;46.817649;0516861000;accueil.tprx-chatellerault@justice.fr
TE;87085;1;3267;Tribunal pour Enfants de Limoges;23 PLACE WINSTON CHURCHILL;;87000;LIMOGES;;1.250785;45.832019;0587193400;
TGI;87085;1;202;Tribunal judiciaire de Limoges;23 PLACE WINSTON CHURCHILL;;87000;LIMOGES;;1.250785;45.832019;0587193400;accueil.tj-limoges@justice.fr
CA;87085;1;30;Cour d'Appel de Limoges;17 PLACE D'AINE;;87000;LIMOGES;;1.254324;45.83026;0587193400;accueil.ca-limoges@justice.fr
CASS;87085;1;2038;Cour d'Assises de la Haute-Vienne;17 PLACE D'AINE;;87000;LIMOGES;;1.254324;45.83026;0587193300;
CCD;87085;9;67419;Cour Criminelle Départementale de la Haute-Vienne;17 PLACE D'AINE;;87000;LIMOGES;;1.254324;45.83026;05 87 19 33 00;
CDAD;87085;9;58999;Conseil départemental d'accès au droit de Haute-Vienne;PLACE D'AINE;;87000;LIMOGES;;1.25488;45.830224;0555118196;cdad-haute-vienne@justice.fr
CPH;87085;1;1191;Conseil de Prud'hommes de Limoges;23 PLACE WINSTON CHURCHILL;;87000;LIMOGES;;1.25078;45.83201;0587193400;cph-limoges@justice.fr
TA;87085;9;3964;Tribunal Administratif de Limoges;1 COURS VERGNIAUD;;87000;LIMOGES;;1.262475;45.834292;0555339155;greffe.ta-limoges@juradm.fr
TAE;87085;9;79911;Tribunal des activités économiques de Limoges;23 PLACE WINSTON CHURCHILL;;87000;LIMOGES;;1.250785;45.832019;0555346075;
TBRTJ;87085;9;63845;Tribunal Paritaire des Baux Ruraux de Limoges;23 PLACE WINSTON CHURCHILL;;87000;LIMOGES;;1.250785;45.832019;0587193400;
CPH;88160;1;1193;Conseil de Prud'hommes d'Epinal;PLACE JEANNE D'ARC ESPACE JUDICIAIRE;;88000;EPINAL;;6.44731;48.17752;0354591830;cph-epinal@justice.fr
TE;88160;1;3276;Tribunal pour Enfants d'Epinal;PLACE EDMOND HENRY;;88000;EPINAL;;6.45132;48.174533;0329345353;
TGI;88160;1;203;Tribunal judiciaire d'Epinal;PLACE EDMOND HENRY;;88000;EPINAL;;6.45132;48.174533;0329345353;accueil-epinal@justice.fr
CASS;88160;9;532;Cour d'Assises des Vosges;PLACE EDMOND HENRY;;88000;EPINAL;;6.45132;48.174533;0329345353;
CCD;88160;9;67464;Cour Criminelle Départementale des Vosges;PLACE EDMOND HENRY;;88000;EPINAL;;6.45132;48.174533;03 29 34 53 53;
CDAD;88160;9;58984;Conseil départemental d'accès au droit des Vosges;7 PLACE EDMOND HENRY;;88000;EPINAL;;6.451444;48.174517;0329345353;cdad-vosges@justice.fr
TBRTJ;88160;9;63630;Tribunal Paritaire des Baux Ruraux d'Epinal;1 PLACE FOCH;;88000;EPINAL;;6.448238;48.173008;0354041000;
TCO;88160;1;442;Tribunal de Commerce d'Epinal;1 PLACE FOCH;;88000;EPINAL;;6.448238;48.173008;0329343376;
CPH;88413;1;1196;Conseil de Prud'hommes de Saint-Dié-des-Vosges;20 RUE D'AMERIQUE;;88100;ST DIE DES VOSGES;;6.947458;48.288911;0329550303;cph-st-die@justice.fr
TBRTJ;88413;9;63632;Tribunal Paritaire des Baux Ruraux de Saint-Dié-des-Vosges;20 RUE D'AMERIQUE;;88100;ST DIE DES VOSGES;;6.947458;48.288911;0329535252;
TPRX;88413;9;62991;Tribunal de proximité de Saint-Dié-des-Vosges;20 RUE D'AMERIQUE;;88100;ST DIE DES VOSGES;;6.947458;48.288911;0329535252;tprx-st-die@justice.fr
TE;89024;1;3290;Tribunal pour Enfants d'Auxerre;PLACE DU PALAIS DE JUSTICE;;89000;AUXERRE;;3.568215;47.798322;0386723000;
TGI;89024;1;205;Tribunal judiciaire d'Auxerre;PLACE DU PALAIS DE JUSTICE;;89000;AUXERRE;;3.568215;47.798322;0386723000;tj-auxerre@justice.fr
CASS;89024;9;530;Cour d'Assises de l'Yonne;PLACE DU PALAIS DE JUSTICE;;89000;AUXERRE;;3.568215;47.798322;0386723000;
CCD;89024;9;67466;Cour Criminelle Départementale de l'Yonne;PLACE DU PALAIS DE JUSTICE;;89000;AUXERRE;;3.568215;47.798322;03 86 72 30 00;
CDAD;89024;9;58955;Conseil départemental d'accès au droit de l'Yonne;5 PLACE DU PALAIS DE JUSTICE;;89000;AUXERRE;;3.56805;47.798391;0   30 39;cdad-yonne@justice.fr
CPH;89024;1;1197;Conseil de Prud'hommes d'Auxerre;90 RUE DE PARIS;;89000;AUXERRE;;3.569269;47.798361;0386720789;cph-auxerre@justice.fr
TAE;89024;9;79915;Tribunal des activités économiques d'Auxerre;90 RUE DE PARIS;;89000;AUXERRE;;3.569269;47.798361;0386722100;
TBRTJ;89024;9;63872;Tribunal Paritaire des Baux Ruraux d'Auxerre;PLACE DU PALAIS DE JUSTICE;;89000;AUXERRE;;3.568215;47.798322;0386723030;
TGI;89387;1;206;Tribunal judiciaire de Sens;1 RUE DU PALAIS DE JUSTICE;;89100;SENS;;3.276744;48.196429;0386658600;sauj.tj-sens@justice.fr
CPH;89387;1;1198;Conseil de Prud'hommes de Sens;1 RUE DU PALAIS DE JUSTICE;;89100;SENS;;3.276744;48.196429;0386658600;cph-sens@justice.fr
TBRTJ;89387;9;63874;Tribunal Paritaire des Baux Ruraux de Sens;3 RUE THENARD;;89100;SENS;;3.283854;48.198662;0386839100;
TCO;89387;1;447;Tribunal de Commerce de Sens;1 RUE DU PALAIS DE JUSTICE;;89100;SENS;;3.276744;48.196429;0386652353;
TE;90010;1;3304;Tribunal pour Enfants de Belfort;9 PLACE DE LA REPUBLIQUE;;90000;BELFORT;;6.861685;47.639562;0384585300;
TGI;90010;1;207;Tribunal judiciaire de Belfort;9 PLACE DE LA REPUBLIQUE;;90000;BELFORT;;6.861685;47.639562;0384585300;accueil-belfort@justice.fr
CDAD;90010;9;58961;Conseil départemental d'accès au droit du Territoire de Belfort;4 RUE DES NOUVELLES;;90000;BELFORT;;6.862515;47.638411;0384549808;cdad90@gmail.com
CPH;90010;1;1199;Conseil de Prud'hommes de Belfort;1 RUE DE MORIMONT;;90000;BELFORT;;6.85733;47.637815;0384210415;cph-belfort@justice.fr et accueil-belfort@justice.fr
TBRTJ;90010;9;63464;Tribunal Paritaire des Baux Ruraux de Belfort;5 PLACE DE LA REPUBLIQUE;;90000;BELFORT;;6.861119;47.63919;0384281621;
TCO;90010;1;448;Tribunal de Commerce de Belfort;1 RUE MORIMONT;;90000;BELFORT;;6.861945;47.64126;0384280557;
TE;91228;1;3313;Tribunal pour Enfants d'Évry-Courcouronnes;9 RUE DES MAZIERES;;91000;EVRY;;2.430881;48.629781;0160767800;
TGI;91228;1;208;Tribunal judiciaire d'Évry-Courcouronnes;9 RUE DES MAZIERES;;91000;EVRY;;2.430881;48.629781;0160767800;tj1-evry@justice.fr
CASS;91228;9;525;Cour d'Assises de l'Essonne;9 RUE DES MAZIERES;;91000;EVRY;;2.430881;48.629781;0160767800;
CCD;91228;9;67405;Cour Criminelle Départementale de l'Essonne;9 RUE DES MAZIERES;;91000;EVRY;;2.430881;48.629781;01 60 76 78 00;
CDAD;91228;9;58986;Conseil départemental d'accès au droit de l'Essonne;9 RUE DES MAZIERES;;91000;EVRY;;2.430881;48.629781;0160767890;
CPH;91228;1;1200;Conseil de Prud'hommes d'Évry-Courcouronnes;1 RUE DE LA PATINOIRE;;91000;EVRY;;2.429609;48.630241;0169473626;cph-evry@justice.fr
TBRTJ;91228;9;63876;Tribunal Paritaire des Baux Ruraux d'Évry-Courcouronnes;1 RUE DE LA PATINOIRE;;91000;EVRY;;2.429609;48.630241;0169473600;
TCO;91228;1;449;Tribunal de Commerce d'Évry-Courcouronnes;1 RUE DE LA PATINOIRE;;91000;EVRY;;2.429609;48.630241;0169473650;
TBRTJ;91477;9;63884;Tribunal Paritaire des Baux Ruraux de Palaiseau;PLACE DE LA VICTOIRE;;91120;PALAISEAU;;2.242664;48.711976;0160140080;
TPRX;91477;9;63043;Tribunal de proximité de Palaiseau;PLACE DE LA VICTOIRE;;91120;PALAISEAU;;2.242664;48.711976;0160140080;tprx-palaiseau@justice.fr
TBRTJ;91223;9;63878;Tribunal Paritaire des Baux Ruraux d'Etampes;1 RUE ARISTIDE BRIAND;;91150;ETAMPES;;2.161209;48.433767;0164946145;
TPRX;91223;9;62996;Tribunal de proximité d'Etampes;1 RUE ARISTIDE BRIAND;;91150;ETAMPES;;2.161209;48.433767;0164946145;tprx-etampes@justice.fr
CPH;91345;1;1202;Conseil de Prud'hommes de Longjumeau;142 RUE PIERRE ET MARIE CURIE;;91160;LONGJUMEAU;;2.296559;48.688571;0181851468;cph-longjumeau@justice.fr
TBRTJ;91345;9;63882;Tribunal Paritaire des Baux Ruraux de Lonjumeau;11 AVENUE DU MARECHAL LECLERC;;91160;LONGJUMEAU;;2.292132;48.698413;0169102650;
TPRX;91345;9;63017;Tribunal de proximité de Longjumeau;142 RUE PIERRE ET MARIE CURIE;;91160;LONGJUMEAU;;2.296559;48.688571;0181851468;tprx-longjumeau@justice.fr
TBRTJ;91326;9;63880;Tribunal Paritaire des Baux Ruraux de Juvisy-sur-Orge;27 RUE VICTOR HUGO;;91260;JUVISY SUR ORGE;;2.377077;48.690936;0169121830;
TPRX;91326;9;63014;Tribunal de proximité de Juvisy-sur-Orge;27 RUE VICTOR HUGO;;91260;JUVISY SUR ORGE;;2.377077;48.690936;0169121830;tprx-juvisy-sur-orge@justice.fr
TE;92050;1;3322;Tribunal pour Enfants de Nanterre;179-191 AVENUE JOLIOT CURIE;;92000;NANTERRE;;2.216838;48.897347;0140971019/0;
TGI;92050;1;209;Tribunal judiciaire de Nanterre;179-191 AVENUE JOLIOT CURIE;;92000;NANTERRE;;2.216838;48.897347;0140971010;accueil.tj-nanterre@justice.fr
CASS;92050;9;516;Cour d'Assises des Hauts-de-Seine;179-191 AVENUE JOLIOT CURIE;;92000;NANTERRE;;2.216838;48.897347;0140971010;
CCD;92050;9;67421;Cour Criminelle Départementale des Hauts-de-Seine;179-191 AVENUE JOLIOT CURIE;;92000;NANTERRE;;2.216838;48.897347;01 40 97 10 10;
CDAD;92050;9;59012;Conseil départemental d'accès au droit des Hauts-de-Seine;179-191 AVENUE JOLIOT CURIE;;92000;NANTERRE;;2.216838;48.897347;;cdad-hauts-de-seine@justice.fr
CPH;92050;1;1204;Conseil de Prud'hommes de Nanterre;2 RUE PABLO NERUDA;;92000;NANTERRE;;2.21574;48.895425;0140971650;cph-nanterre@justice.fr
TAE;92050;9;79919;Tribunal des activités économiques de Nanterre;2 RUE PABLO NERUDA;;92000;NANTERRE;;2.21574;48.895425;0140971717;
CPH;92012;1;1203;Conseil de Prud'hommes de Boulogne-Billancourt;7 RUE MAHIAS;;92100;BOULOGNE BILLANCOURT;;2.234222;48.84603;0146999120;cph-boulogne-billancourt@justice.fr
TPRX;92012;9;62973;Tribunal de proximité de Boulogne-Billancourt;35 RUE PAUL BERT;;92100;BOULOGNE BILLANCOURT;;2.239224;48.835311;0146030817;civil.tprx-boulogne-billancourt@justice.fr
TBRTJ;92002;9;63787;Tribunal Paritaire des Baux Ruraux d'Antony;1 PLACE AUGUSTE MOUNIE;;92160;ANTONY;;2.300018;48.754528;0155590100;
TPRX;92002;9;62960;Tribunal de proximité d'Antony;1 PLACE AUGUSTE MOUNIE;;92160;ANTONY;;2.300018;48.754528;0155590100;accueil.tprx-antony@justice.fr
TBRTJ;92075;9;63789;Tribunal Paritaire des Baux Ruraux de Vanves;34 RUE ANTOINE FRATACCI;;92170;VANVES;;2.288424;48.820973;0141901111;
TPRX;92075;9;63073;Tribunal de proximité de Vanves;34 RUE ANTOINE FRATACCI;;92170;VANVES;;2.288424;48.820973;0141901111;accueil.tprx-vanves@justice.fr
TPRX;92026;9;62988;Tribunal de proximité de Courbevoie;25 RUE DU PRESIDENT KRUGER;;92400;COURBEVOIE;;2.255618;48.898831;0143330342;tprx-courbevoie@justice.fr
TPRX;92004;9;62962;Tribunal de proximité d'Asnières-sur-Seine;112 AVENUE DE LA REDOUTE;;92600;ASNIERES SUR SEINE;;2.280398;48.929003;0441474120;tprx-asnieres@justice.fr
TPRX;92025;9;62986;Tribunal de proximité de Colombes;9 RUE GABRIEL PERI;;92700;COLOMBES;;2.251702;48.922984;0147852038;tprx-colombes@justice.fr
TPRX;92062;9;63050;Tribunal de proximité de Puteaux;131 RUE DE LA REPUBLIQUE;;92800;PUTEAUX;;2.238008;48.88405;0146930800;tprx-puteaux@justice.fr
TE;93008;1;3331;Tribunal pour Enfants de Bobigny;173 AVENUE PAUL VAILLANT COUTURIER;;93000;BOBIGNY;;2.449687;48.909071;0148951393;
TGI;93008;1;210;Tribunal judiciaire de Bobigny;173 AVENUE PAUL VAILLANT COUTURIER;;93000;BOBIGNY;;2.449687;48.909071;0148951393;tj1-bobigny@justice.fr
CASS;93008;9;512;Cour d'Assises de la Seine-Saint-Denis;173 AVENUE PAUL VAILLANT COUTURIER;;93000;BOBIGNY;;2.449687;48.909071;0148951393;
CCD;93008;9;67455;Cour Criminelle Départementale de la Seine-Saint-Denis;173 AVENUE PAUL VAILLANT COUTURIER;;93000;BOBIGNY;;2.449687;48.909071;01 48 95 13 93;
CDAD;93008;9;58964;Conseil départemental d'accès au droit de Seine-Saint-Denis;173 AVENUE PAUL VAILLANT COUTURIER;;93000;BOBIGNY;;2.449687;48.909071;;cdad.seine-saint-denis@justice.fr
CPH;93008;1;1205;Conseil de Prud'hommes de Bobigny;1-13 RUE MICHEL DE L'HOSPITAL;;93000;BOBIGNY;;2.454191;48.90674;0148962222;cph-bobigny@justice.fr
TBRTJ;93008;9;63896;Tribunal Paritaire des Baux Ruraux de Bobigny;1 PROMENADE JEAN ROSTAND;;93000;BOBIGNY;;2.453072;48.908234;0148961110;
TCO;93008;1;451;Tribunal de Commerce de Bobigny;1-13 RUE MICHEL DE L'HOSPITAL;;93000;BOBIGNY;;2.454191;48.90674;0891011111;
TA;93048;9;40431;Tribunal Administratif de Montreuil;7 RUE CATHERINE PUIG;;93100;MONTREUIL;;2.421297;48.855832;0149202000;greffe.ta-montreuil@juradm.fr
TPRX;93048;9;63035;Tribunal de proximité de Montreuil (93);62 RUE FRANKLIN;;93100;MONTREUIL;;2.444334;48.863606;0148588253;tprx-montreuil-sous-bois@justice.fr
TBRTJ;93066;9;63888;Tribunal Paritaire des Baux Ruraux de Saint-Denis;1 PASSAGE DES DEUX PICHETS;;93200;ST DENIS;;2.359491;48.936262;0148133780;
TPRX;93066;9;62990;Tribunal de proximité de Saint-Denis;1 PASSAGE DES DEUX PICHETS;;93200;ST DENIS;;2.359491;48.936262;0148133780;tprx-st-denis@justice.fr
TPRX;93001;9;62965;Tribunal de proximité d'Aubervilliers;SQUARE STALINGRAD;;93300;AUBERVILLIERS;;2.38256;48.91218;0148337638;tprx-aubervilliers@justice.fr
TPRX;93062;9;63051;Tribunal de proximité du Raincy;8 ALLEE BARATIN;;93340;LE RAINCY;;2.515923;48.898924;0143013674;tprx-le-raincy@justice.fr
TPRX;93070;9;63042;Tribunal de proximité de Saint-Ouen;4 RUE DIDEROT;;93400;ST OUEN;;2.334364;48.911001;0140125040;tprx-st-ouen@justice.fr
TPRX;93055;9;63044;Tribunal de proximité de Pantin;41 RUE DELIZY;;93500;PANTIN;;2.408848;48.89771;0148444427;tprx-pantin@justice.fr
TBRTJ;93005;9;63886;Tribunal Paritaire des Baux Ruraux d'Aulnay-sous-Bois;10 BOULEVARD HOCHE;;93600;AULNAY SOUS BOIS;;2.501166;48.932839;0148660908;
TPRX;93005;9;62966;Tribunal de proximité d'Aulnay-sous-Bois;10 BOULEVARD HOCHE;;93600;AULNAY SOUS BOIS;;2.501166;48.932839;0148660908;tprx-aulnay-sous-bois@justice.fr
TGI;94028;1;211;Tribunal judiciaire de Créteil;PLACE DU PALAIS;;94000;CRETEIL;;2.444272;48.785747;0149811600;tj-creteil@justice.fr
TE;94028;1;3340;Tribunal pour Enfants de Créteil;RUE PASTEUR VALERY RADOT;;94000;CRETEIL;;2.440766;48.789318;0149811600;
CASS;94028;9;510;Cour d'Assises du Val-de-Marne;RUE PASTEUR VALERY RADOT;;94000;CRETEIL;;2.440766;48.789318;0149811600;
CCD;94028;9;67459;Cour Criminelle Départementale du Val-de-Marne;RUE PASTEUR VALERY RADOT;;94000;CRETEIL;;2.440766;48.789318;01 49 81 16 00;
CDAD;94028;9;58981;Conseil départemental d'accès au droit du Val de Marne;PLACE DU PALAIS;;94000;CRETEIL;;2.444272;48.785747;0149811644;cdad-val-de-marne@justice.fr
CPH;94028;1;1206;Conseil de Prud'hommes de Créteil;1 AVENUE DU GENERAL DE GAULLE;;94000;CRETEIL;;2.45866;48.780906;0142070004;cph-creteil@justice.fr
TCO;94028;1;452;Tribunal de Commerce de Créteil;1 AVENUE DU GENERAL DE GAULLE;;94000;CRETEIL;;2.45866;48.780906;01439905751007;
TBRTJ;94068;9;63892;Tribunal Paritaire des Baux Ruraux de Saint-Maur-des-Fossés;1 AVENUE GAMBETTA;;94100;ST MAUR DES FOSSES;;2.486544;48.802296;0142833223;
TPRX;94068;9;63026;Tribunal de proximité de Saint-Maur-des-Fossés;1 AVENUE GAMBETTA;;94100;ST MAUR DES FOSSES;;2.486544;48.802296;0142833223;tprx-st-maur-des-fosses@justice.fr
TBRTJ;94052;9;63890;Tribunal Paritaire des Baux Ruraux de Nogent-sur-Marne;19 RUE CHARLES VII;;94130;NOGENT SUR MARNE;;2.486347;48.836486;0143941735;
TPRX;94052;9;63039;Tribunal de proximité de Nogent-sur-Marne;19 RUE CHARLES VII;;94130;NOGENT SUR MARNE;;2.486347;48.836486;0143941735;tprx-nogent-sur-marne@justice.fr
CPH;94078;1;1207;Conseil de Prud'hommes de Villeneuve-Saint-Georges;29 RUE DE BALZAC;;94190;VILLENEUVE ST GEORGES;;2.450137;48.731328;0143898882;cph-villeneuve-st-georges@justice.fr
TPRX;94041;9;63012;Tribunal de proximité d'Ivry-sur-Seine;PLACE MARCEL CACHIN;;94200;IVRY SUR SEINE;;2.390871;48.814146;0145152288;tprx-ivry-sur-seine@justice.fr
TPRX;94018;9;62980;Tribunal de proximité de Charenton-le-Pont;48 RUE DE PARIS;;94220;CHARENTON LE PONT;;2.416027;48.819544;0143536230;tprx-charenton-le-pont@justice.fr
TBRTJ;94071;9;63898;Tribunal Paritaire des Baux Ruraux de Sucy en Brie;2 RUE PIERRE SEMARD;;94370;SUCY EN BRIE;;2.518258;48.770462;0145100920;
TPRX;94071;9;63067;Tribunal de proximité de Sucy en Brie;2 RUE PIERRE SEMARD;;94370;SUCY EN BRIE;;2.518258;48.770462;0145100920;tprx-sucy-en-brie@justice.fr
TBRTJ;94076;9;63894;Tribunal Paritaire des Baux Ruraux de Villejuif;127-129 RUE JEAN JAURES;;94800;VILLEJUIF;;2.366749;48.790754;0149581235;
TPRX;94076;9;63075;Tribunal de proximité de Villejuif;127-129 RUE JEAN JAURES;;94800;VILLEJUIF;;2.366749;48.790754;0149581235;tprx-villejuif@justice.fr
TA;95127;9;19543;Tribunal Administratif de Cergy-Pontoise;2-4 BD DE L'HAUTIL;;95000;CERGY;;2.0864;49.037727;0130173400;greffe.ta-cergy-pontoise@juradm.fr
CPH;95018;1;1208;Conseil de Prud'hommes d'Argenteuil;9 RUE DES CELTES;;95100;ARGENTEUIL;;2.233356;48.955498;0139804040;accueil.cph-argenteuil@justice.fr
TBRTJ;95582;9;63797;Tribunal Paritaire des Baux Ruraux de Sannois;5 SQUARE JULES FERRY;;95110;SANNOIS;;2.257563;48.970119;0139810138;
TPRX;95582;9;63059;Tribunal de proximité de Sannois;5 SQUARE JULES FERRY;;95110;SANNOIS;;2.257563;48.970119;0139810138;tprx-sannois@justice.fr
CPH;95428;1;1210;Conseil de Prud'hommes de Montmorency;1 PLACE PIERRE MENDES FRANCE;;95160;MONTMORENCY;;2.311469;48.973479;0139346000;accueil.cph-montmorency@justice.fr
TBRTJ;95428;9;63793;Tribunal Paritaire des Baux Ruraux de Montmorency;1 PLACE PIERRE MENDES FRANCE;;95160;MONTMORENCY;;2.311469;48.973479;0139346000;
TPRX;95428;9;63033;Tribunal de proximité de Montmorency;1 PLACE PIERRE MENDES FRANCE;;95160;MONTMORENCY;;2.311469;48.973479;0139346000;accueil-montmorency@justice.fr
TE;95500;1;3349;Tribunal pour Enfants de Pontoise;3 RUE VICTOR HUGO;;95300;PONTOISE;;2.100645;49.051931;0172587000;
TGI;95500;1;212;Tribunal judiciaire de Pontoise;3 RUE VICTOR HUGO;;95300;PONTOISE;;2.100645;49.051931;0172587000;tj-pontoise@justice.fr
CASS;95500;9;450;Cour d'Assises du Val-d'Oise;3 RUE VICTOR HUGO;;95300;PONTOISE;;2.100645;49.051931;0172587000;
CCD;95500;9;64181;Cour Criminelle Départementale du Val-d'Oise;3 RUE VICTOR HUGO;;95300;PONTOISE;;2.100645;49.051931;0172587000;
CDAD;95500;9;59024;Conseil départemental d'accès au droit du Val d'Oise;3 RUE VICTOR HUGO;;95300;PONTOISE;;2.100645;49.051931;0172587294;cdad-val-d'oise@justice.fr
CPH;95500;9;7248;Conseil de prud'hommes de Cergy-Pontoise;3 RUE VICTOR HUGO;;95300;PONTOISE;;2.100645;49.051931;0172587430;cph-cergy-pontoise@justice.fr
TBRTJ;95500;9;63795;Tribunal Paritaire des Baux Ruraux de Pontoise;3 RUE VICTOR HUGO;;95300;PONTOISE;;2.100645;49.051931;0172587460;
TCO;95500;1;453;Tribunal de Commerce de Pontoise;3 RUE VICTOR HUGO;;95300;PONTOISE;;2.100645;49.051931;0134254760;
TBRTJ;95277;9;63791;Tribunal Paritaire des Baux Ruraux de Gonesse;1 PLACE DE LA LIBERTE;;95500;GONESSE;;2.447668;48.987185;0134534373;
TPRX;95277;9;63006;Tribunal de proximité de Gonesse;1 PLACE DE LA LIBERTE;;95500;GONESSE;;2.447668;48.987185;0134534373;tprx-gonesse@justice.fr
TE;97105;1;3357;Tribunal pour Enfants de Basse-Terre;4 BOULEVARD FELIX EBOUE;;97100;BASSE TERRE;;-61.727441;15.99277;0(590)410626;
TGI;97105;1;213;Tribunal judiciaire de Basse-Terre;4 BOULEVARD FELIX EBOUE;;97100;BASSE TERRE;;-61.727441;15.99277;0(590)806363;tj2-basse-terre@justice.fr
CA;97105;1;31;Cour d'Appel de Basse-Terre;4 BOULEVARD FELIX EBOUE;;97100;BASSE TERRE;;-61.727441;15.99277;0(590)806336;
CASS;97105;1;2043;Cour d'Assises de la Guadeloupe;4 BOULEVARD FELIX EBOUE;;97100;BASSE TERRE;;-61.727441;15.99277;0(590)806336;
CCD;97105;9;64182;Cour Criminelle Départementale de Guadeloupe;4 BOULEVARD FELIX EBOUE;;97100;BASSE TERRE;;-61.727441;15.99277;0(590)806336;
CDAD;97105;9;58958;Conseil départemental d'accès au droit de Guadeloupe;4 BOULEVARD FELIX EBOUE;;97100;BASSE TERRE;;-61.727441;15.99277;0590806363;cdad-guadeloupe@justice.fr
CDAD;97105;9;62938;Conseil départemental d'accès au droit de Saint-Martin et Saint-Barthélémy;4 BOULEVARD FELIX EBOUE;;97100;BASSE TERRE;;-61.727441;15.99277;0690938204;cdad.guadeloupe@orange.fr
CPH;97105;1;1211;Conseil de Prud'hommes de Basse-Terre;ZAC DE CALEBASSIER;;97100;BASSE TERRE;;-61.737307;16.002464;0590806373;cph-basse-terre@justice.fr
TA;97105;9;3966;Tribunal Administratif de la Guadeloupe;6 RUE VICTOR HUGUES;;97100;BASSE TERRE;;-61.724114;15.996;0590814538;greffe.ta-basse-terre@juradm.fr
TA;97105;9;62650;Tribunal Administratif de Saint-Martin;6 RUE VICTOR HUGUES;;97100;BASSE TERRE;;-61.724114;15.996;0590814538;greffe.ta-basse-terre@juradm.fr
TBRTJ;97105;9;63847;Tribunal Paritaire des Baux Ruraux de Basse-Terre;ZAC DE CALEBASSIER;;97100;BASSE TERRE;;-61.738012;16.003397;0590806380;
TE;97120;1;3365;Tribunal pour Enfants de Pointe-à-Pitre;16 RUE DUGOMMIER;;97110;POINTE A PITRE;;-61.53317;16.235871;0(590)477483;tpe.tgi-pointe-a-pitre@justice.fr
TGI;97120;1;214;Tribunal judiciaire de Pointe-à-Pitre;16 RUE DUGOMMIER;;97110;POINTE A PITRE;;-61.53317;16.235871;0(590)896950;tj1-pointe-a-pitre@justice.fr
CPH;97120;1;1212;Conseil de Prud'hommes de Pointe-à-Pitre;14 PLACE DE L'EGLISE;;97110;POINTE A PITRE;;-61.534624;16.238513;0(590)820316;cph-pointe-a-pitre@justice.fr
TBRTJ;97120;9;63849;Tribunal Paritaire des Baux Ruraux de Pointe-à-Pitre;7 RUE VICTOR HUGUES;;97110;POINTE A PITRE;;-61.534663;16.237873;0(590)896363;
TBRTJ;97801;9;63851;Tribunal Paritaire des Baux Ruraux de Saint-Martin;23 RUE DE LA LIBERTE;;97150;ST MARTIN;;-63.0853;18.066937;0(590)875049;
TPRX;97801;9;63024;Tribunal de proximité de Saint-Martin;23 RUE DE LA LIBERTE;;97150;ST MARTIN;;-63.0853;18.066937;0(590)875049;tprx-saint-martin@justice.fr
TE;97209;1;3373;Tribunal pour Enfants de Fort-de-France;35 BOULEVARD DU GENERAL DE GAULLE;;97200;FORT DE FRANCE;;-61.0687;14.607529;0(596)484141;
TGI;97209;1;215;Tribunal judiciaire de Fort-de-France;35 BOULEVARD DU GENERAL DE GAULLE;;97200;FORT DE FRANCE;;-61.0687;14.607529;05 96 48 41 41;accueil-fort-de-france@justice.fr
CA;97209;1;32;Cour d'Appel de Fort-de-France;28 RUE VICTOR SCHOELCHER;;97200;FORT DE FRANCE;;-61.069057;14.604823;0596484141;
CASS;97209;1;2048;Cour d'Assises de la Martinique;28 RUE VICTOR SCHOELCHER;;97200;FORT DE FRANCE;;-61.069057;14.604823;0596484141;
CCD;97209;9;67437;Cour Criminelle Départementale de la Martinique;28 RUE VICTOR SCHOELCHER;;97200;FORT DE FRANCE;;-61.069057;14.604823;05 96 48 41 41;
CDAD;97209;9;58988;Conseil départemental d'accès au droit de Martinique;35 BOULEVARD DU GENERAL DE GAULLE;;97200;FORT DE FRANCE;;-61.0687;14.607529;0596484244;
CPH;97209;1;1213;Conseil de Prud'hommes de Fort-de-France;35 BOULEVARD DU GENERAL DE GAULLE;;97200;FORT DE FRANCE;;-61.0687;14.607529;0(596)484141;cph-fort-de-france@justice.fr
TBRTJ;97209;9;63853;Tribunal Paritaire des Baux Ruraux de Fort-de-France;63 RUE VICTOR SEVERE;;97200;FORT DE FRANCE;;-61.069995;14.606112;0(596)484163;
TA;97209;9;3970;Tribunal Administratif de la Martinique;12 RUE DU CITRONNIER - PLATEAU FOFO;;97233;SCHOELCHER;;-61.074145;14.605336;0596716667;greffe.ta-fort-de-france@juradm.fr
TE;97302;1;3383;Tribunal pour Enfants de Cayenne;15 AVENUE DU GENERAL DE GAULLE;;97300;CAYENNE;;-52.331821;4.938822;0(594)297630;
TGI;97302;1;216;Tribunal judiciaire de Cayenne;15 AVENUE DU GENERAL DE GAULLE;;97300;CAYENNE;;-52.331821;4.938822;0594297630;tj-cayenne@justice.fr
CA;97302;9;43116;Cour d'appel de Cayenne;9 AVENUE DU GENERAL DE GAULLE;;97300;CAYENNE;;-52.335511;4.938491;0594274848;
CASS;97302;9;447;Cour d'Assises de la Guyane;9 AVENUE DU GENERAL DE GAULLE;;97300;CAYENNE;;-52.335511;4.938491;0594274848;
CCD;97302;9;64183;Cour Criminelle Départementale de Guyane;9 AVENUE DU GENERAL DE GAULLE;;97300;CAYENNE;;-52.335511;4.938491;0594274848;
CDAD;97302;9;58971;Conseil départemental d'accès au droit de Guyane;AVENUE DU GENERAL DE GAULLE;;97300;CAYENNE;;-52.330598;4.939068;5945 94 29 76 33;cdad.guyane@orange.fr
CPH;97302;1;1214;Conseil de Prud'hommes de Cayenne;1 RUE LOUIS BLANC ;;97300;CAYENNE;;4.93842;-52.33559;0594274845;greffe.cph-cayenne@justice.fr
TA;97302;9;3988;Tribunal Administratif de la Guyane;7 RUE SCHOELCHER;;97300;CAYENNE;;-52.326936;4.943305;0594254970;greffe.ta-cayenne@juradm.fr
TBRTJ;97302;9;63900;Tribunal Paritaire des Baux Ruraux de Cayenne;14 RUE LALLOUETTE;;97300;CAYENNE;;-52.332365;4.939877;0594287575;
TPRX;97311;9;63066;Tribunal de proximité de Cayenne à St Laurent du Maroni;RUE DU LT COLONEL CHANDON;;97320;ST LAURENT DU MARONI;;-54.029396;5.50367;0594341025;accueil.tprx-st-laurent-du-maroni@justice.fr
TE;97411;1;3391;Tribunal pour Enfants de Saint-Denis-de-La Réunion;AVENUE DESBASSYNS;;97400;ST DENIS;;55.479768;-20.888559;0262402345;
TGI;97411;1;217;Tribunal judiciaire de Saint-Denis;AVENUE DESBASSYNS;;97400;ST DENIS;;55.479768;-20.888559;0262402345;accueil.tj-st-denis-de-la-reunion@justice.fr
CA;97411;1;33;Cour d'Appel de Saint-Denis-de-La Réunion;166 RUE JULIETTE DODU;;97400;ST DENIS;;55.451457;-20.879163;0262405858;
CASS;97411;1;2053;Cour d'Assises de La Réunion;166 RUE JULIETTE DODU;;97400;ST DENIS;;55.451457;-20.879163;0262405858;
CCD;97411;9;62848;Cour Criminelle Départementale de la Réunion;166 RUE JULIETTE DODU;;97400;ST DENIS;;55.451457;-20.879163;0262405858;
CDAD;97411;9;59032;Conseil départemental d'accès au droit de La Réunion;AVENUE DESBASSYNS;;97400;ST DENIS;;55.479768;-20.888559;0262402345;
CPH;97411;1;1215;Conseil de Prud'hommes de Saint-Denis;AVENUE DESBASSYNS;;97400;ST DENIS;;55.479768;-20.888559;0(262)402345;cph-st-denis-reunion@justice.fr
TA;97411;9;3992;Tribunal Administratif de La Réunion;27 RUE FELIX GUYON;;97400;ST DENIS;;55.451477;-20.880628;0262924360;greffe.ta-st-denis-de-la-reunion@juradm.fr
TBRTJ;97411;9;63857;Tribunal Paritaire des Baux Ruraux de Saint-Denis-de-La Réunion;CHAMP FLEURI;;97400;ST DENIS;;55.466173;-20.888155;0(262)402240;
TE;97416;1;3399;Tribunal pour Enfants de Saint-Pierre;28 RUE AUGUSTIN ARCHAMBAUD;;97410;ST PIERRE;;55.48114;-21.32881;0(262)961000;
TGI;97416;1;218;Tribunal judiciaire de Saint-Pierre;28 RUE AUGUSTIN ARCHAMBAUD;;97410;ST PIERRE;;55.48114;-21.32881;0(262)961000;accueil.tj-st-pierre-de-la-reunion@justice.fr
CPH;97416;1;1216;Conseil de Prud'hommes de Saint-Pierre;28 RUE AUGUSTIN ARCHAMBAUD;;97410;ST PIERRE;;55.48114;-21.32881;0(262)961050;cph-st-pierre-reunion@justice.fr
TBRTJ;97416;9;63861;Tribunal Paritaire des Baux Ruraux de Saint-Pierre;28 RUE AUGUSTIN ARCHAMBAUD;;97410;ST PIERRE;;55.48114;-21.32881;0(262)961000;
TBRTJ;97415;9;63859;Tribunal Paritaire des Baux Ruraux de Saint-Paul;12 RUE JULES THIREL;;97460;ST PAUL;;55.297659;-20.986966;0262453350;
TPRX;97415;9;63045;Tribunal de proximité de Saint-Paul;12 RUE JULES THIREL;;97460;ST PAUL;;55.297659;-20.986966;0262453350;tprx-st-paul-reunion@justice.fr
TBRTJ;97410;9;63855;Tribunal Paritaire des Baux Ruraux de Saint-Benoit;2 ET 4 RUE PHILIBERT;;97470;ST BENOIT;;55.711594;-21.034748;0262503729;
TPRX;97410;9;62971;Tribunal de proximité de Saint-Benoit;2 ET 4 RUE PHILIBERT;;97470;ST BENOIT;;55.711594;-21.034748;0262503729;tprx-st-benoit-reunion@justice.fr
TE;97502;1;3405;Tribunal pour Enfants de Saint-Pierre et Miquelon;14 RUE EMILE SASCO;ST PIERRE;97500;ST PIERRE ET MIQUELON;;-56.1716;46.78123;0(508)410320;
TGI;97502;9;7677;Tribunal de Première Instance de Saint-Pierre-et-Miquelon;14 RUE EMILE SASCO;ST PIERRE;97500;ST PIERRE ET MIQUELON;;-56.1716;46.78123;0(508)410320;
CA;97502;9;2895;Tribunal Supérieur d'Appel de Saint-Pierre-et-Miquelon;14 RUE EMILE SASCO;ST PIERRE;97500;ST PIERRE ET MIQUELON;;-56.1716;46.78123;0(508)410320;
CASS;97502;9;17771;Tribunal Criminel de Saint-Pierre-et-Miquelon;14 RUE EMILE SASCO;ST PIERRE;97500;ST PIERRE ET MIQUELON;;-56.1716;46.78123;0(508)410320;
CDAD;97502;9;67491;Conseil d'accès au droit de Saint-Pierre-et-Miquelon;14 RUE EMILE SASCO;ST PIERRE;97500;ST PIERRE ET MIQUELON;;-56.171541;46.781171;0(508)410320;
CPH;97502;9;7249;Conseil de Prud'hommes de St-Pierre-et-Miquelon;14 RUE EMILE SASCO;ST PIERRE;97500;ST PIERRE ET MIQUELON;;-56.1716;46.78123;0(508)410320;
TA;97502;9;3994;Tribunal Administratif de Saint-Pierre-et-Miquelon;PLACE LT CEL PIGEAUD;ST PIERRE;97500;ST PIERRE ET MIQUELON;;-56.1716;46.78022;0508411008;
TE;97611;9;15281;Tribunal pour Enfants de Mamoudzou;ROUTE NATIONALE 1 KAWENI;;97600;MAMOUDZOU;;45.223184;-12.788467;0(269)611115/265;
TGI;97611;9;41809;Tribunal judiciaire de Mamoudzou;ROUTE NATIONALE 1 KAWENI;;97600;MAMOUDZOU;;45.223184;-12.788467;0269611115;accueil.tj-mamoudzou@justice.fr
CASS;97611;9;41897;Cour d'assises de Mayotte;Zone Nel;;97600;MAMOUDZOU;;45.226956;-12.762356;0269639930;
CDAD;97611;9;59003;Conseil départemental d'accès au droit de Mayotte;ROUTE NATIONALE 1 KAWENI;;97600;MAMOUDZOU;;45.223184;-12.788467;0269611115;cdad-mayotte@justice.fr
CPH;97611;9;19416;Conseil de Prud'hommes de Mamoudzou;Zone Nel;;97600;MAMOUDZOU;;45.226956;-12.762356;0(269)611265;accueil.mamoudzou@justice.fr
TA;97611;9;17728;Tribunal Administratif de Mayotte;RUE DE L'INTERNAT;;97600;MAMOUDZOU;;45.225828;-12.781698;0269611856;greffe.ta-mayotte@juradm.fr
TBRTJ;97611;9;63863;Tribunal Paritaire des Baux Ruraux de Mamoudzou;ROUTE NATIONALE 1 KAWENI;;97600;MAMOUDZOU;;45.223184;-12.788467;0269611115;
CASS;98613;9;17768;Cour d'Assises des Iles Wallis-et-Futuna;;;98600;UVEA;MATA-UTU - WALLIS-et-FUTUNA;-176.1809;-13.28207;00(681)722715;
CPH;98613;9;16802;Tribunal du Travail de Mata-Utu;;;98600;UVEA;MATA-UTU - WALLIS-et-FUTUNA;-176.1809;-13.28207;00(681)722715;
TA;98613;9;59866;Tribunal Administratif de Wallis et Futuna;;;98600;UVEA;MATA-UTU - WALLIS-et-FUTUNA;-176.1809;-13.28207;00687250630;
CCD;98613;9;67465;Cour Criminelle Départementale des Iles Wallis-et-Futuna;DE MATA-UTU  ILES WALLIS-ET-FUTUNA;;98600;UVEA;MATA-UTU - WALLIS-et-FUTUNA;-176.1809;-13.28207;00(681)722715;
TE;98613;9;17781;Tribunal pour Enfants de Mata-Utu;MATA-UTU - WALLIS-et-FUTUNA;;98600;UVEA;MATA-UTU - WALLIS-et-FUTUNA;-176.1809;-13.28207;00(681)722715;
TGI;98613;1;221;Tribunal de Première Instance de Mata-Utu;MATA-UTU - WALLIS-et-FUTUNA;;98600;UVEA;MATA-UTU - WALLIS-et-FUTUNA;-176.1809;-13.28207;00 681 722715;accueil.tpi-mata-utu@justice.fr
CDAD;98735;9;67490;Conseil d'accès au droit de la Polynésie française;42 AVENUE POUVANAA A OOPA;;98714;PAPEETE;TAHITI POLYNESIE FRANCAISE;-149.57096;-17.543046;689 87 30 00 85;cdad.polynesie@gmail.com / cdad-polynesie@justice.fr
TE;98735;1;3420;Tribunal pour Enfants de Papeete;42 AVENUE POUVANA'A A OOPA;;98714;PAPEETE;TAHITI POLYNESIE FRANCAISE;-149.568;-17.832;00(689)415500;
TGI;98735;1;222;Tribunal de Première Instance de Papeete;42 AVENUE POUVANA'A A OOPA;;98714;PAPEETE;TAHITI POLYNESIE FRANCAISE;-149.568;-17.832;00(689)415500;tpi-papeete@justice.fr
CA;98735;1;36;Cour d'Appel de Papeete;42 AVENUE POUVANA'A A OOPA;;98714;PAPEETE;TAHITI POLYNESIE FRANCAISE;-149.568;-17.832;00(689)415500;
CASS;98735;1;2060;Cour d'Assises de la Polynésie Française;42 AVENUE POUVANA'A A OOPA;;98714;PAPEETE;TAHITI POLYNESIE FRANCAISE;-149.568;-17.832;00(689)415500;
CPH;98731;9;17210;Tribunal du Travail de Nuku-Hiva;42 AVENUE POUVANA'A A OOPA;;98714;PAPEETE;TAHITI POLYNESIE FRANCAISE;-149.568;-17.832;00(689)920325;
CPH;98735;9;16803;Tribunal du Travail de Papeete;42 AVENUE POUVANA'A A OOPA;;98714;PAPEETE;TAHITI POLYNESIE FRANCAISE;-149.568;-17.832;00(689)415500;tt.cph-papeete@justice.fr
CPH;98758;9;17780;Tribunal du Travail de Raïatéa;42 AVENUE POUVANA'A A OOPA;;98714;PAPEETE;TAHITI POLYNESIE FRANCAISE;-149.568;-17.832;00(689)663208;
TA;98735;9;3996;Tribunal Administratif de la Polynésie française;42 AVENUE POUVANA'A A OOPA;;98714;PAPEETE;TAHITI POLYNESIE FRANCAISE;-149.568;-17.832;0068940509025;greffe.ta-papeete@juradm.fr
CCD;98735;9;67449;Cour Criminelle Départementale de la Polynésie Française;42 AVENUE BRUAT  TAHITI;;98714;PAPEETE;;-149.568;-17.832;00(689)415500;
TE;98818;1;3425;Tribunal pour Enfants de Nouméa;RUE DE METZ;;98800;NOUMEA;;166.4572;-22.27631;00(687)279350;
TGI;98818;1;223;Tribunal de Première Instance de Nouméa;RUE DE METZ;;98800;NOUMEA;;166.4572;-22.27631;00(687)279350;accueil.tpi-noumea@justice.fr
CA;98818;1;37;Cour d'Appel de Nouméa;RUE DE METZ;;98800;NOUMEA;;166.4572;-22.27631;00(687)279350;
CASS;98818;1;2063;Cour d'Assises de la Nouvelle Calédonie;RUE DE METZ;;98800;NOUMEA;;166.4572;-22.27631;00(687)279353;greffe-penal.ca-noumea@justice.fr
CCD;98818;9;67444;Cour Criminelle Départementale de la Nouvelle Calédonie;RUE DE METZ;;98800;NOUMEA;;166.4572;-22.27631;00(687)279353;greffe-penal.ca-noumea@justice.fr
CDAD;98818;9;73997;Conseil d'Accès au Droit de Nouvelle-Calédonie;RUE DE METZ;;98800;NOUMEA;;166.4572;-22.27631;00(687)240199;cdad-nouvelle-caledonie@justice.fr
CPH;98818;9;16801;Tribunal du Travail de Nouméa;RUE DE METZ;;98800;NOUMEA;;166.4572;-22.27631;00(687)279350;tt-noumea@justice.fr
TA;98818;9;3997;Tribunal Administratif de Nouvelle Calédonie;85 AVENUE DU MARECHAL FOCH;;98800;NOUMEA;;166.4432;-22.27997;00687250630;greffe.ta-noumea@juradm.fr
TE;98811;8;33832;Tribunal pour Enfants de Nouméa (section détachée de Koné);30 RUE LUCIEN ALLARD;;98860;KONE;;164.8661;-21.05982;687.35.55.13;
TE;01053;1;2076;Tribunal pour Enfants de Bourg-en-Bresse;32 AVENUE ALSACE LORRAINE;;01000;BOURG EN BRESSE;;5.220548;46.201858;0426377300;
TGI;01053;1;39;Tribunal judiciaire de Bourg-en-Bresse;32 AVENUE ALSACE LORRAINE;;01000;BOURG EN BRESSE;;5.220548;46.201858;0426377300;accueil-bourg-en-bresse@justice.fr
CASS;01053;9;446;Cour d'Assises de l'Ain;32 AVENUE ALSACE LORRAINE;;01000;BOURG EN BRESSE;;5.220548;46.201858;0426377300;
CCD;01053;9;67381;Cour Criminelle Départementale de l'Ain;32 AVENUE ALSACE LORRAINE;;01000;BOURG EN BRESSE;;5.220548;46.201858;04 26 37 73 00;
CDAD;01053;9;58966;Conseil départemental d'accès au droit de l'Ain;34 COURS DE VERDUN;;01000;BOURG EN BRESSE;;2.2875;48.8627;0474140140;contact@cdad-ain.fr
CPH;01053;1;937;Conseil de Prud'hommes de Bourg-en-Bresse;32 AVENUE ALSACE LORRAINE;;01000;BOURG EN BRESSE;;5.220548;46.201858;0426377300;cph-bourg-en-bresse@justice.fr
TBRTJ;01053;9;63732;Tribunal Paritaire des Baux Ruraux de Bourg-en-Bresse;32 AVENUE ALSACE LORRAINE;;01000;BOURG EN BRESSE;;5.220548;46.201858;0426377300;
TCO;01053;1;224;Tribunal de Commerce de Bourg-en-Bresse;32 AVENUE ALSACE LORRAINE;;01000;BOURG EN BRESSE;;5.220548;46.201858;0474320003;
CPH;01283;1;938;Conseil de Prud'hommes d'Oyonnax;15 RUE DU 8 MAI 1945;;01100;OYONNAX;;5.657719;46.257495;0474772447;cph-oyonnax@justice.fr
TBRTJ;01269;9;63734;Tribunal Paritaire des Baux Ruraux de Nantua;4 PLACE D'ARMES;;01130;NANTUA;;5.60726;46.152387;0474750242;
TPRX;01269;9;63038;Tribunal de proximité de Nantua;4 PLACE D'ARMES;;01130;NANTUA;;5.60726;46.152387;0474750242;accueil-nantua@justice.fr
CPH;01034;1;936;Conseil de Prud'hommes de Belley;BOULEVARD DU MAIL;;01300;BELLEY;;5.689032;45.760258;0479811345;cph-belley@justice.fr
TBRTJ;01034;9;63730;Tribunal Paritaire des Baux Ruraux de Belley;BOULEVARD DU MAIL;;01300;BELLEY;;5.689032;45.760258;0479812305;
TPRX;01034;9;62970;Tribunal de proximité de Belley;BOULEVARD DU MAIL;;01300;BELLEY;;5.689032;45.760258;0479812305;accueil-belley@justice.fr
TBRTJ;01427;9;63736;Tribunal Paritaire des Baux Ruraux de Trévoux;1 RUE DU PALAIS;;01600;TREVOUX;;4.777244;45.941047;0474088900;
TPRX;01427;9;63071;Tribunal de proximité de Trévoux;1 RUE DU PALAIS;;01600;TREVOUX;;4.777244;45.941047;0474088900;accueil-trevoux@justice.fr
TE;02408;1;2086;Tribunal pour Enfants de Laon;PLACE AUBRY;;02000;LAON;;3.624967;49.564854;;
TGI;02408;1;40;Tribunal judiciaire de Laon;PLACE AUBRY;;02000;LAON;;3.624967;49.564854;0323262900;accueil-laon@justice.fr
CASS;02408;9;444;Cour d'Assises de l'Aisne;PLACE AUBRY;;02000;LAON;;3.624967;49.564854;0323262900;
CCD;02408;9;67382;Cour Criminelle Départementale de l'Aisne;PLACE AUBRY;;02000;LAON;;3.624967;49.564854;03 23 26 29 00;
CDAD;02408;9;58994;Conseil départemental d'accès au droit de l'Aisne;3 PLACE AUBRY;;02000;LAON;;3.624947;49.564893;0360813010;cdad-aisne@justice.fr
CPH;02408;1;942;Conseil de Prud'hommes de Laon;PLACE DU PARVIS;;02000;LAON;;3.62388;49.564376;0323267545;cph-laon@justice.fr
TBRTJ;02408;9;63799;Tribunal Paritaire des Baux Ruraux de Laon;43 RUE SERURIER;;02000;LAON;;3.623033;49.564905;0323267540;accueil-laon@justice.fr
TGI;02691;1;41;Tribunal judiciaire de Saint-Quentin;PLACE GRACCHUS BABEUF;;02100;ST QUENTIN;;3.285595;49.848055;0323058900;accueil-st-quentin@justice.fr
TE;02691;9;20280;Tribunal pour Enfants de Saint-Quentin;RUE VICTOR BASCH;;02100;ST QUENTIN;;3.285014;49.847631;0323058900;
CPH;02691;1;943;Conseil de Prud'hommes de Saint-Quentin;PLACE GRACCHUS BABEUF;;02100;ST QUENTIN;;3.285595;49.848055;0323058960;cph-st-quentin@justice.fr
TBRTJ;02691;9;63801;Tribunal Paritaire des Baux Ruraux de Saint-Quentin;PLACE GRACCHUS BABEUF;;02100;ST QUENTIN;;3.285595;49.848055;0323062960;
TCO;02691;1;226;Tribunal de Commerce de Saint-Quentin;RUE VICTOR BASCH;;02100;ST QUENTIN;;3.284334;49.847913;0323623410;
TE;02722;9;36491;Tribunal pour Enfants de Soissons;76 RUE SAINT-MARTIN;;02200;SOISSONS;;3.328084;49.380398;0323763939;
TGI;02722;1;42;Tribunal judiciaire de Soissons;76 RUE SAINT-MARTIN;;02200;SOISSONS;;3.328084;49.380398;0323763939;tj-soissons@justice.fr
CPH;02722;1;944;Conseil de Prud'hommes de Soissons;76 RUE SAINT-MARTIN;;02200;SOISSONS;;3.328084;49.380398;0323545510;cph-soissons@justice.fr
TBRTJ;02722;9;63803;Tribunal Paritaire des Baux Ruraux de Soissons;76 RUE SAINT-MARTIN;;02200;SOISSONS;;3.328084;49.380398;0323763939;
TCO;02722;1;227;Tribunal de Commerce de Soissons;76 RUE SAINT-MARTIN;;02200;SOISSONS;;3.328084;49.380398;0323530482;contact@greffe-tc-soissons.fr
TE;03190;1;2115;Tribunal pour Enfants de Moulins;20 RUE DE PARIS;;03000;MOULINS;;3.33052;46.568443;0470443384;
TGI;03190;1;45;Tribunal judiciaire de Moulins;20 RUE DE PARIS;;03000;MOULINS;;3.33052;46.568443;0470443384;accueil.moulins@justice.fr
CASS;03190;9;442;Cour d'Assises de l'Allier;20 RUE DE PARIS;;03000;MOULINS;;3.33052;46.568443;0470351455;
CCD;03190;9;67383;Cour Criminelle Départementale de l'Allier;20 RUE DE PARIS;;03000;MOULINS;;3.33052;46.568443;04 70 35 14 55;
CDAD;03190;9;59010;Conseil départemental d'accès au droit de l'Allier;20 RUE DE PARIS;;03000;MOULINS;;3.33052;46.568443;0470351748;cdad-allier@justice.fr
CPH;03190;1;946;Conseil de Prud'hommes de Moulins;16 RUE DIDEROT;;03000;MOULINS;;3.332664;46.567392;0470443384;cph-moulins@justice.fr
TBRTJ;03190;9;63680;Tribunal Paritaire des Baux Ruraux de Moulins;16 RUE DIDEROT;;03000;MOULINS;;3.332664;46.567392;0470443384;
TGI;03185;1;44;Tribunal judiciaire de Montluçon;114 BOULEVARD DE COURTAIS;;03100;MONTLUCON;;2.607792;46.339828;0470281213;accueil-montlucon@justice.fr
CPH;03185;1;945;Conseil de Prud'hommes de Montluçon;114 BOULEVARD DE COURTAIS;;03100;MONTLUCON;;2.607792;46.339828;0470050453;cph-montlucon@justice.fr
TBRTJ;03185;9;63678;Tribunal Paritaire des Baux Ruraux de Montluçon;114 BOULEVARD DE COURTAIS;;03100;MONTLUCON;;2.607792;46.339828;0470052793;
TCO;03185;1;230;Tribunal de Commerce de Montluçon;114 BOULEVARD DE COURTAIS;;03100;MONTLUCON;;2.607792;46.339828;0470050540;
CPH;03310;1;947;Conseil de Prud'hommes de Vichy;26 BOULEVARD CARNOT;;03200;VICHY;;3.425244;46.123178;0470309730;cph-vichy@justice.fr
TBRTJ;03310;9;63682;Tribunal Paritaire des Baux Ruraux de Vichy;26 BOULEVARD CARNOT;;03200;VICHY;;3.425244;46.123178;0470309730;
TPRX;03310;9;63074;Tribunal de proximité de Vichy;26 BOULEVARD CARNOT;;03200;VICHY;;3.425244;46.123178;0470309730;tprx-vichy@justice.fr
TGI;03095;1;43;Tribunal judiciaire de Cusset;RUE DU DRAPEAU;;03300;CUSSET;;3.460498;46.130871;0470309830;accueil.tj-cusset@justice.fr
TCO;03095;1;229;Tribunal de Commerce de Cusset;RUE DU BIEF;;03300;CUSSET;;3.450082;46.135509;0470983913;
TE;04070;1;2125;Tribunal pour Enfants de Digne-les-Bains;6 PLACE DES RECOLLETS;;04000;DIGNE LES BAINS;;6.239535;44.091832;0492310521;
TGI;04070;1;46;Tribunal judiciaire de Digne-les-Bains;6 PLACE DES RECOLLETS;;04000;DIGNE LES BAINS;;6.239535;44.091832;0492310521;accueil-digne-les-bains@justice.fr
CASS;04070;9;2244;Cour d'Assises des Alpes-de-Haute-Provence;6 PLACE DES CORDELIERS;;04000;DIGNE LES BAINS;;6.237381;44.093959;0492310521;
CCD;04070;9;67384;Cour Criminelle Départementale des Alpes-de-Haute-Provence;6 PLACE DES RECOLLETS;;04000;DIGNE LES BAINS;;6.237381;44.093959;04 92 31 05 21;
CDAD;04070;9;58982;Conseil départemental d'accès au droit des Alpes de Haute Provence;PLACE DES RECOLLETS;;04000;DIGNE LES BAINS;;6.237557;44.094084;0492366920;accueil@cdad04.fr
CPH;04070;1;948;Conseil de Prud'hommes de Digne-les-Bains;22 BOULEVARD VICTOR HUGO;;04000;DIGNE LES BAINS;;6.235862;44.094736;0492313849;cph-digne-les-bains@justice.fr
TBRTJ;04070;9;63367;Tribunal Paritaire des Baux Ruraux de Digne-les-Bains;22 BOULEVARD VICTOR HUGO;;04000;DIGNE LES BAINS;;6.235862;44.094736;0492314748;
TBRTJ;04112;9;63401;Tribunal Paritaire des Baux Ruraux de Manosque;RUE DES TANNEURS;;04100;MANOSQUE;;5.784737;43.831304;0492723276;
TCO;04112;1;232;Tribunal de Commerce de Manosque;RUE DES TANNEURS;;04100;MANOSQUE;;5.784737;43.831304;0492877426;
TPRX;04112;9;63020;Tribunal de proximité de Manosque;9 RUE GEORGES MARTIN;;04100;MANOSQUE;;5.805366;43.830619;04 86 89 70 10;tprx-manosque@justice.fr
TE;05061;1;2134;Tribunal pour Enfants de Gap;PLACE SAINT-ARNOUX;;05000;GAP;;6.077422;44.557754;0492407000;
TGI;05061;1;47;Tribunal judiciaire de Gap;PLACE SAINT-ARNOUX;;05000;GAP;;6.077422;44.557754;0492407000;accueil-gap@justice.fr
CASS;05061;9;2243;Cour d'Assises des Hautes-Alpes;PLACE SAINT-ARNOUX;;05000;GAP;;6.077422;44.557754;0492407000;
CCD;05061;9;67418;Cour Criminelle Départementale des Hautes-Alpes;PLACE SAINT-ARNOUX;;05000;GAP;;6.077422;44.557754;04 92 40 70 00;
CDAD;05061;9;58989;Conseil départemental d'accès au droit des Hautes-Alpes;PLACE SAINT-ARNOUX;;05000;GAP;;6.077422;44.557754;0492407054;Cdad05@sfr.fr
CPH;05061;1;951;Conseil de Prud'hommes de Gap;PLACE SAINT-ARNOUX;;05000;GAP;;6.077422;44.557754;0492407000;cph-gap@justice.fr
TBRTJ;05061;9;63562;Tribunal Paritaire des Baux Ruraux de Gap;PLACE SAINT-ARNOUX;;05000;GAP;;6.077422;44.557754;0492407000;
TCO;05061;1;233;Tribunal de Commerce de Gap;PLACE SAINT-ARNOUX;;05000;GAP;;6.077422;44.557754;0492510192;
CPH;06088;1;955;Conseil de Prud'hommes de Nice;5 RUE PROVANA DE LEYNI;;06000;NICE;;7.271409;43.702468;0493627135;cph-nice@justice.fr
TA;06088;9;3911;Tribunal Administratif de Nice;18 AVENUE DES FLEURS;;06000;NICE;;7.253727;43.698056;0489978600;greffe.ta-nice@juradm.fr
TCO;06088;1;238;Tribunal de Commerce de Nice;6 RUE DESIRE NIEL;;06000;NICE;;7.275963;43.700078;0493928787;
TE;06069;1;2141;Tribunal pour Enfants de Grasse;37 AVENUE PIERRE SEMARD;;06130;GRASSE;;6.926526;43.65631;0492607285;
TGI;06069;1;48;Tribunal judiciaire de Grasse;37 AVENUE PIERRE SEMARD;;06130;GRASSE;;6.926526;43.65631;0492607200;accueil-grasse@justice.fr
CPH;06069;1;953;Conseil de Prud'hommes de Grasse;37 AVENUE PIERRE SEMARD;;06130;GRASSE;;6.926526;43.65631;0492607200;cph-grasse@justice.fr
TBRTJ;06069;9;63375;Tribunal Paritaire des Baux Ruraux de Grasse;37 AVENUE PIERRE SEMARD;;06130;GRASSE;;6.926526;43.65631;0492607400;
TCO;06069;1;236;Tribunal de Commerce de Grasse;37 AVENUE PIERRE SEMARD;;06130;GRASSE;;6.926526;43.65631;0492607500;
TE;06088;1;2150;Tribunal pour Enfants de Nice;3 PLACE DU PALAIS - PALAIS RUSCA;;06300;NICE;;7.282932;43.700806;0492173000;
TGI;06088;1;49;Tribunal judiciaire de Nice;PLACE DU PALAIS DE JUSTICE;;06300;NICE;;7.273863;43.696596;0492177000;accueil-nice@justice.fr
CASS;06088;9;2241;Cour d'Assises des Alpes-Maritimes;PLACE DU PALAIS;;06300;NICE;;7.285338;43.71194;0492177000/40;
CCD;06088;9;67385;Cour Criminelle Départementale des Alpes-Maritimes;PLACE DU PALAIS;;06300;NICE;;7.285338;43.71194;0492177000/40;
CDAD;06088;9;59015;Conseil départemental d'accès au droit des Alpes Maritimes;PLACE DU PALAIS;;06300;NICE;;7.285338;43.71194;0492177112;
TBRTJ;06088;9;63379;Tribunal Paritaire des Baux Ruraux de Nice;3 PLACE DU PALAIS - PALAIS RUSCA;;06300;NICE;;7.285221;43.712135;0492173001;
CPH;06029;1;952;Conseil de Prud'hommes de Cannes;19 BOULEVARD CARNOT;;06400;CANNES;;7.016785;43.556262;04 92 99 64 50;cph-cannes@justice.fr
TBRTJ;06029;9;63373;Tribunal Paritaire des Baux Ruraux de Cannes;19 BOULEVARD CARNOT;;06400;CANNES;;7.016785;43.556262;0492996450;
TCO;06029;1;235;Tribunal de Commerce de Cannes;19 BOULEVARD CARNOT;;06400;CANNES;;7.016785;43.556262;0483142100;
TPRX;06029;9;62978;Tribunal de proximité de Cannes;19 BOULEVARD CARNOT;;06400;CANNES;;7.016785;43.556262;0492996450;tprx-cannes@justice.fr
TBRTJ;06083;9;63377;Tribunal Paritaire des Baux Ruraux de Menton;7 RUE PRATO;;06500;MENTON;;7.499269;43.774094;0493357492;
TPRX;06083;9;63027;Tribunal de proximité de Menton;7 RUE PRATO;;06500;MENTON;;7.499269;43.774094;0493357492;accueil-menton@justice.fr
TBRTJ;06004;9;63369;Tribunal Paritaire des Baux Ruraux d'Antibes;60 DEUXIEME AVENUE;;06600;ANTIBES;;7.091455;43.600769;0492904980;
TCO;06004;1;234;Tribunal de Commerce d'Antibes;60 BIS 2EME AVENUE;;06600;ANTIBES;;7.093001;43.600315;0493341014;
TPRX;06004;9;62959;Tribunal de proximité d'Antibes;60 DEUXIEME AVENUE;;06600;ANTIBES;;7.091455;43.600769;0492904980;tprx-antibes@justice.fr
TBRTJ;06027;9;63371;Tribunal Paritaire des Baux Ruraux de Cagnes-sur-Mer;100 AVENUE CYRILLE BESSET;;06800;CAGNES SUR MER;;7.161653;43.659273;0492125250;
TPRX;06027;9;62976;Tribunal de proximité de Cagnes-sur-Mer;100 AVENUE CYRILLE BESSET;;06800;CAGNES SUR MER;;7.161653;43.659273;0492125250;tprx-cagnes-sur-mer@justice.fr
TGI;07186;1;50;Tribunal judiciaire de Privas;10 COURS DU PALAIS;;07000;PRIVAS;;4.601013;44.734712;0475664000;tj1-privas@justice.fr
TE;07186;1;2159;Tribunal pour Enfants de Privas;COURS DU PALAIS;;07000;PRIVAS;;4.598673;44.735271;0475664000;
CASS;07186;9;2239;Cour d'Assises de l'Ardèche;COURS DU PALAIS;;07000;PRIVAS;;4.598673;44.735271;0475664000;
CCD;07186;9;67386;Cour Criminelle Départementale de l'Ardèche;10 COUR DU PALAIS;;07000;PRIVAS;;4.598673;44.735271;04 75 66 40 00;
CDAD;07186;9;59025;Conseil départemental d'accès au droit de l'Ardèche;10 COURS DU PALAIS;;07000;PRIVAS;;4.601013;44.734712;0475664028;cdad.ardeche@justice.fr
TBRTJ;07186;9;63466;Tribunal Paritaire des Baux Ruraux de Privas;2 AVENUE DE L'EUROPE UNIE;;07000;PRIVAS;;4.59798;44.733942;0475660520;
CPH;07010;1;956;Conseil de Prud'hommes d'Annonay;26 BOULEVARD DE LA REPUBLIQUE;;07100;ANNONAY;;4.673844;45.243773;0475677313;cph-annonay@justice.fr
TBRTJ;07010;9;63482;Tribunal Paritaire des Baux Ruraux d'Annonay;26 BOULEVARD DE LA REPUBLIQUE;;07100;ANNONAY;;4.673844;45.243773;0475677313;
TPRX;07010;9;62958;Tribunal de proximité d'Annonay;26 BOULEVARD DE LA REPUBLIQUE;;07100;ANNONAY;;4.673844;45.243773;0475677313;tprx-annonay@justice.fr
CPH;07019;1;957;Conseil de Prud'hommes d'Aubenas;10 RUE GEORGES COUDERC;;07200;AUBENAS;;4.389412;44.61705;0475935184;cph-aubenas@justice.fr
TBRTJ;07019;9;63484;Tribunal Paritaire des Baux Ruraux d'Aubenas;10 RUE GEORGES COUDERC;;07200;AUBENAS;;4.389412;44.61705;0475391131;
TCO;07019;1;240;Tribunal de Commerce d'Aubenas;10 RUE GEORGES COUDERC;;07200;AUBENAS;;4.389412;44.61705;0475892180;
TPRX;07019;9;62964;Tribunal de proximité d'Aubenas;10 RUE GEORGES COUDERC;;07200;AUBENAS;;4.389412;44.61705;0475391131;tprx-aubenas@justice.fr
TE;08105;1;2168;Tribunal pour Enfants de Charleville-Mézières;9 ESPLANADE DU PALAIS DE JUSTICE;;08000;CHARLEVILLE MEZIERES;;4.722245;49.760944;0324572923;
TGI;08105;1;51;Tribunal judiciaire de Charleville-Mézières;9 ESPLANADE DU PALAIS DE JUSTICE;;08000;CHARLEVILLE MEZIERES;;4.722245;49.760944;0324576900;tj-charleville-mezieres@justice.fr
CASS;08105;9;2238;Cour d'Assises des Ardennes;9 ESPLANADE DU PALAIS DE JUSTICE;;08000;CHARLEVILLE MEZIERES;;4.722245;49.760944;0324576900;
CCD;08105;9;62840;Cour Criminelle Départementale des Ardennes;9 ESPLANADE DU PALAIS DE JUSTICE;;08000;CHARLEVILLE MEZIERES;;4.722245;49.760944;0324576900;
CDAD;08105;9;58974;Conseil départemental d'accès au droit des Ardennes;9 ESPLANADE DU PALAIS DE JUSTICE;;08000;CHARLEVILLE MEZIERES;;4.722245;49.760944;0324576900;cdad-ardennes@justice.fr
CPH;08105;1;958;Conseil de Prud'hommes de Charleville-Mézières;20 RUE DE L'ARQUEBUSE;;08000;CHARLEVILLE MEZIERES;;4.721572;49.771296;0324598888;cph-charleville-mezieres@justice.fr
TBRTJ;08105;9;63610;Tribunal Paritaire des Baux Ruraux de Charleville-Mézières;12 RUE MME DE SEVIGNE;;08000;CHARLEVILLE MEZIERES;;4.717254;49.771206;0324563413;
TBRTJ;08409;9;63612;Tribunal Paritaire des Baux Ruraux de Sedan;2 RUE DE LA COMEDIE;;08200;SEDAN;;4.943931;49.702183;0324291017;
TCO;08409;1;242;Tribunal de Commerce de Sedan;1 RUE DE LA COMEDIE;;08200;SEDAN;;4.944001;49.702321;0324575053;
TPRX;08409;9;63063;Tribunal de proximité de Sedan;1 RUE DE LA COMEDIE;;08200;SEDAN;;4.944001;49.702321;0324291017;tprx-sedan@justice.fr
TE;09122;1;2178;Tribunal pour Enfants de Foix;14 BOULEVARD DU SUD;;09000;FOIX;;1.612271;42.952864;0581291165;
TGI;09122;1;52;Tribunal judiciaire de Foix;14 BOULEVARD DU SUD;;09000;FOIX;;1.612271;42.952864;0581291165;accueil.tj-foix@justice.fr
CASS;09122;9;2236;Cour d'Assises de l'Ariège;14 BOULEVARD DU SUD;;09000;FOIX;;1.612271;42.952864;0581291165;
CCD;09122;9;67387;Cour Criminelle Départementale de l'Ariège;14 BOULEVARD DU SUD;;09000;FOIX;;1.612271;42.952864;05 81 29 11 65;
CDAD;09122;9;58987;Conseil départemental d'accès au droit de l'Ariège;14 BOULEVARD DU SUD;;09000;FOIX;;1.612271;42.952864;0561021934;cdad-ariege@justice.fr
CPH;09122;1;962;Conseil de Prud'hommes de Foix;14 BOULEVARD DU SUD;;09000;FOIX;;1.612271;42.952864;0581291165;cph-foix@justice.fr
TBRTJ;09122;9;63485;Tribunal Paritaire des Baux Ruraux de Foix;14 BOULEVARD DU SUD;;09000;FOIX;;1.612271;42.952864;0581291165;
TCO;09122;1;243;Tribunal de Commerce de Foix;14 BOULEVARD DU SUD;;09000;FOIX;;1.612271;42.952864;0581291165;
TBRTJ;09261;9;63487;Tribunal Paritaire des Baux Ruraux de Saint-Girons;RUE RENEE DEJEAN;;09200;ST GIRONS;;1.143763;42.982726;0561660134;
TPRX;09261;9;63005;Tribunal de proximité de Saint-Girons;RUE RENEE DEJEAN;;09200;ST GIRONS;;1.143763;42.982726;0561660134;tprx-st-girons@justice.fr
TE;55545;1;2769;Tribunal pour Enfants de Verdun;PLACE SAINT-PAUL;;09310;VERDUN;;5.384389;49.163996;0329861405;
TBRTJ;55545;9;63628;Tribunal Paritaire des Baux Ruraux de Verdun;PLACE SAINT-PAUL;;09310;VERDUN;;5.384389;49.163996;0329868800;
